user_id,song_id,rating
422,955,0.9
26,2260,0.2
814,4608,0.6
566,3227,0.6
374,892,0.2
105,4770,0.8
761,512,0.5
297,124,0.2
130,1013,0.9
435,4268,0.1
382,179,0.0
729,1154,0.9
579,1982,0.0
347,2388,0.9
653,875,0.1
927,3992,0.7
330,3264,0.4
956,4120,0.9
944,3086,0.5
565,2242,0.6
985,4493,0.5
188,4253,0.8
938,2586,0.5
747,376,0.6
672,4502,0.2
950,3393,0.5
920,2931,0.5
208,3084,0.7
671,2443,0.1
317,3551,0.5
649,1968,0.8
255,4946,0.8
850,3048,0.6
301,4777,0.6
853,352,0.5
629,276,0.7
765,592,0.6
12,1943,0.0
48,1891,0.6
297,487,0.9
597,3430,0.4
653,4455,0.5
643,4621,0.6
952,2481,0.1
646,3160,0.0
951,1471,0.8
374,3018,0.6
744,1238,0.8
893,4484,0.6
224,1100,0.1
831,535,0.0
498,3129,0.9
111,3694,0.7
363,4000,0.9
327,2846,0.2
327,3328,0.9
208,403,0.1
540,4910,0.5
572,647,0.6
234,1240,0.4
952,3732,0.9
494,4765,0.5
484,1727,0.4
908,1912,0.0
821,484,0.6
684,1355,0.9
139,201,0.7
494,4091,0.7
615,4146,0.6
598,2793,0.5
183,1340,0.5
708,1869,0.1
555,4590,0.2
890,540,0.0
110,3304,0.3
159,1716,0.9
875,4284,0.0
912,2252,0.7
599,2289,0.9
277,165,0.4
446,2591,0.5
586,4363,0.7
587,193,0.2
673,4472,0.7
716,335,0.1
344,27,0.8
14,3790,0.0
227,4230,0.6
188,2290,0.9
212,4890,0.7
78,1648,0.4
566,1134,0.8
854,511,0.0
820,1050,0.8
531,4651,0.9
12,1967,0.9
398,1601,0.2
406,3594,0.2
912,2888,0.7
369,1273,0.9
570,968,0.2
525,4188,0.6
716,976,0.3
275,237,0.9
10,1983,0.4
407,2403,0.6
306,516,0.8
89,1882,0.3
802,2579,0.8
484,2738,0.4
933,2312,0.7
545,4931,0.4
358,1405,0.6
755,3706,0.9
456,2353,0.5
632,4477,0.0
676,4956,0.3
217,4799,0.1
351,4171,0.5
307,1985,0.9
760,1339,0.5
629,2740,0.3
275,1206,0.2
847,180,0.3
901,364,0.1
410,90,0.7
875,1147,0.2
731,4938,0.9
653,3554,0.9
417,2029,0.7
644,4928,0.4
61,1471,0.0
729,1393,0.1
843,994,0.1
502,1050,0.5
569,897,0.6
598,3714,0.2
355,3793,0.0
307,1319,0.3
294,633,0.2
391,2550,0.7
13,1867,0.3
842,1780,0.1
24,3011,0.0
708,48,0.9
328,2486,0.7
766,2703,0.7
530,1095,0.9
215,2136,0.1
193,1916,0.2
800,3883,0.7
594,3797,0.9
305,1605,0.1
165,894,0.4
813,1259,0.6
704,4155,0.5
845,2063,0.9
869,3180,0.3
669,2978,0.3
178,4954,0.9
872,1845,0.6
26,4453,0.4
556,2416,0.5
314,4828,0.4
247,4479,0.4
783,1417,0.8
126,2520,0.5
977,479,0.6
600,4591,0.2
722,4705,0.6
79,4899,0.5
801,1780,0.5
440,359,0.3
47,3921,0.4
886,3590,0.9
955,1235,0.2
97,595,0.6
47,4067,0.9
76,2252,0.2
102,2594,0.9
132,1426,0.5
35,4589,0.2
990,4657,0.7
902,284,0.3
64,4234,0.4
472,314,0.2
117,1895,0.4
35,1844,0.7
701,3061,0.2
26,2754,0.1
3,521,0.5
361,4626,0.4
991,1095,0.6
788,473,0.2
393,4063,0.1
408,699,0.5
186,2065,0.0
805,3601,0.9
586,881,0.7
957,176,0.9
189,3463,0.1
536,9,0.5
60,4176,0.7
8,3053,0.4
251,4438,0.6
693,4183,0.7
213,230,0.2
903,3097,0.4
721,1970,0.5
316,4508,0.8
570,3489,0.2
879,4399,0.3
277,4533,0.9
725,359,0.2
19,2015,0.8
707,1834,0.9
23,2925,0.6
317,2247,0.1
601,4078,0.1
532,929,0.6
35,3239,0.6
921,1172,0.6
21,1280,0.2
360,467,0.8
294,2072,0.7
646,2333,0.9
444,494,0.4
994,2598,0.3
614,4082,0.8
892,3477,0.0
217,1231,0.1
537,230,0.9
946,1809,0.3
317,4324,0.9
999,1654,0.2
847,126,0.5
540,2365,0.4
229,847,0.3
303,411,0.4
576,2301,0.9
689,105,0.3
965,1504,0.8
713,2807,0.1
659,2168,0.2
272,3748,0.9
383,2069,0.7
7,3463,0.9
273,1226,0.5
45,646,0.8
651,1222,0.7
120,3629,0.8
467,138,0.2
503,4900,0.7
30,752,0.5
285,4649,0.0
771,4571,0.0
358,4969,0.3
321,1978,0.3
819,4784,0.5
195,4408,0.9
956,108,0.7
99,3856,0.6
875,4596,0.0
61,669,0.3
611,3578,0.6
781,3155,0.2
39,1527,0.4
185,1878,0.6
602,3980,0.3
956,3177,0.1
954,1958,0.2
878,2561,0.5
593,4333,0.0
265,4576,0.4
139,4165,0.8
222,1124,0.9
496,1637,0.9
446,86,0.1
900,2943,0.1
24,2487,0.7
248,2599,0.1
943,4307,0.2
687,1453,0.2
716,2635,0.4
641,4014,0.5
760,55,0.2
391,2916,0.8
388,2535,0.6
246,3926,0.0
950,4366,0.4
967,4254,0.5
941,2839,0.3
594,2173,0.3
345,4778,0.1
361,507,0.1
188,3296,0.5
92,1275,0.9
791,260,0.4
52,3034,0.0
483,1917,0.4
721,756,0.2
313,917,0.2
529,940,0.9
227,3650,0.1
327,48,0.7
191,1511,0.5
804,4006,0.4
301,1636,0.8
299,1965,0.4
78,774,0.7
524,1529,0.3
170,1005,0.0
644,430,0.5
749,1611,0.3
429,23,0.7
49,665,0.1
898,2714,0.9
171,1422,0.6
838,3530,0.2
141,2633,0.7
951,2812,0.5
977,2037,0.6
449,3514,0.2
569,1127,0.0
721,3825,0.2
460,110,0.7
102,818,0.9
145,4926,0.7
721,3304,0.3
560,1285,0.7
223,62,0.8
696,1350,0.1
835,1420,0.9
231,4949,0.3
440,2062,0.1
112,3701,0.1
158,2599,0.3
940,1056,0.1
383,2426,0.7
793,1051,0.9
487,1883,0.1
849,1211,0.0
891,4373,0.5
578,4892,0.3
13,2695,0.8
550,3036,0.2
800,1105,0.5
648,1447,0.4
930,3038,0.2
966,4754,0.0
142,2608,0.6
283,1245,0.8
91,2247,0.9
290,926,0.4
964,3750,0.9
659,3999,0.8
436,428,0.5
484,388,0.6
81,4783,0.8
223,1871,0.3
762,2555,0.8
99,3641,0.6
889,2003,0.9
434,2794,0.1
449,3824,0.0
744,4201,0.8
898,295,0.5
910,2758,0.8
41,2447,0.9
692,1852,0.6
915,589,0.7
237,1774,0.6
44,360,0.9
655,166,0.5
747,3911,0.2
898,2595,0.1
42,1576,0.6
817,1282,0.5
37,4742,0.6
899,4317,0.1
133,1930,0.8
725,2548,0.3
202,4698,0.5
827,4528,0.9
853,2880,0.2
615,2430,0.5
618,3270,0.6
132,3873,0.9
99,726,0.7
209,1918,0.8
12,376,0.6
524,681,0.2
166,1239,0.2
926,2629,0.8
616,855,0.7
363,652,0.3
799,3063,0.6
845,3810,0.1
897,3766,0.1
940,2573,0.8
194,1562,0.1
627,2629,0.1
703,4396,0.9
522,600,0.9
106,2867,0.3
884,320,0.5
383,4302,0.7
938,1763,0.2
699,840,0.6
349,1099,0.4
874,4479,0.2
414,4124,0.6
434,2480,0.0
383,1181,0.4
918,3789,0.6
229,1342,0.0
188,4917,0.8
153,1723,0.4
446,4296,0.5
591,3314,0.7
931,4649,0.9
977,2121,0.5
772,1868,0.9
967,127,0.4
581,1985,0.9
12,3821,0.2
544,4581,0.2
861,2628,0.5
264,845,0.5
598,4528,0.9
458,2891,0.2
781,2658,0.2
912,1076,0.8
188,3648,0.7
460,4398,0.2
861,4293,0.9
188,2305,0.5
842,1733,0.6
682,2133,0.1
285,4351,0.3
873,59,0.7
843,4787,0.6
500,3844,0.0
315,870,0.8
328,1420,0.6
968,3445,0.3
56,570,0.3
330,2425,0.9
256,3893,0.8
468,2321,0.4
189,1002,0.3
912,3744,0.0
861,2367,0.3
725,1131,0.6
78,3649,0.6
529,4443,0.4
606,171,0.2
987,1688,0.0
964,1709,0.8
927,2498,0.1
27,1114,0.7
491,3382,0.6
120,761,0.6
831,2582,0.4
642,187,0.0
598,4385,0.8
708,1968,0.9
6,1421,0.9
662,1194,0.1
422,1572,0.2
426,3363,0.5
184,2990,0.8
250,67,0.6
723,3954,0.6
767,4080,0.4
763,607,0.3
168,2872,0.3
583,2330,0.4
364,944,0.3
539,817,0.5
116,2704,0.9
632,1900,0.6
312,3812,0.7
91,395,0.0
632,4605,0.3
281,4637,0.4
416,298,0.6
748,2808,0.9
296,2518,0.2
591,4474,0.8
156,2188,0.6
330,4124,0.6
994,1918,0.6
50,583,0.9
681,4780,0.9
118,527,0.4
294,1305,0.9
622,2478,0.9
422,1715,0.9
716,432,0.8
478,100,0.5
24,78,0.8
852,1524,0.9
655,3595,0.9
447,4680,0.9
220,2515,0.2
655,3120,0.2
739,2576,0.0
700,3340,0.7
641,1059,0.5
938,788,0.0
268,3538,0.9
677,4877,0.3
609,4356,0.5
276,4937,0.3
330,3516,0.9
147,4193,0.2
910,2988,0.7
222,2910,0.4
473,90,0.9
925,1926,0.1
375,328,0.9
475,4496,0.9
20,1728,0.2
948,3528,0.3
693,2687,0.4
192,4549,0.8
363,3079,0.2
821,1459,0.7
583,3912,0.9
932,150,0.2
478,3990,0.4
143,2322,0.4
727,2790,0.5
449,2167,0.3
873,4231,0.8
394,3655,0.7
696,948,0.7
977,821,0.4
75,2608,0.0
854,2955,0.4
345,4370,0.4
840,1959,0.2
623,4506,0.2
887,4102,0.5
896,3125,0.2
65,171,0.2
389,830,0.9
73,3879,0.5
112,1532,0.3
306,1669,0.4
861,3826,0.7
988,3566,0.4
655,4682,0.9
684,3988,0.4
781,1407,0.0
974,2810,0.5
843,2001,0.9
192,1001,0.6
290,1285,0.8
31,4944,0.9
628,4467,0.7
69,609,0.8
468,4551,0.9
945,4820,0.5
711,4014,0.1
19,3564,0.5
790,219,0.2
965,1909,0.2
220,1793,0.5
343,441,0.0
732,2759,0.4
778,2973,0.8
423,1055,0.6
963,4563,0.9
337,3720,0.2
179,7,0.9
416,748,0.8
955,1927,0.3
169,1236,0.5
689,384,0.7
664,2216,0.8
535,4670,0.5
627,2465,0.8
460,2213,0.4
714,3874,0.0
539,2505,0.0
133,3901,0.8
110,3845,0.7
280,2244,0.9
204,1788,0.5
188,2949,0.5
655,2224,0.4
239,2397,0.5
559,4410,0.5
775,1199,0.0
430,402,0.4
925,1551,0.2
976,3652,0.4
8,505,0.2
861,4978,0.3
399,1410,0.5
365,1369,0.7
331,2209,0.6
132,4518,0.1
113,2739,0.2
147,459,0.9
959,2679,0.6
169,181,0.1
654,4684,0.0
537,3537,0.4
563,4772,0.4
989,4711,0.2
917,1433,0.4
759,2991,0.6
542,4852,0.2
299,843,0.4
251,33,0.0
627,4229,0.9
495,3616,0.5
268,4799,0.2
757,457,0.7
478,2917,0.7
724,1185,0.7
675,85,0.5
1000,2383,0.8
675,3279,0.3
867,2725,0.4
126,1155,0.3
10,2660,0.7
901,3232,0.3
905,269,0.1
741,732,0.5
453,2976,0.8
122,3102,0.2
937,4406,0.9
622,3578,0.7
394,3917,0.2
543,3021,0.8
289,1059,0.1
591,3454,0.7
48,4379,0.9
989,4788,0.6
542,3814,0.8
28,3700,0.5
344,4117,0.1
992,2019,0.6
183,967,0.5
209,464,0.6
88,2203,0.7
446,2784,0.5
582,3889,0.8
395,1043,0.6
851,161,0.8
974,1635,0.5
1,4213,0.4
883,3033,0.8
614,714,0.9
133,3013,0.7
308,1956,0.8
520,3126,0.9
471,1287,0.0
347,419,0.2
6,4788,0.8
603,2342,0.6
542,744,0.6
868,481,0.2
82,454,0.1
787,2248,0.8
472,3238,0.1
237,3153,0.2
63,4637,0.3
503,4423,0.8
629,4576,0.5
601,3715,0.8
504,536,0.2
530,2839,0.7
336,4091,0.6
838,4023,0.9
932,3912,0.2
643,1210,0.4
118,3718,0.4
744,4593,0.1
67,3505,0.4
884,4521,0.9
78,765,0.7
613,564,0.5
875,1410,0.5
708,948,0.2
162,1731,0.9
239,3398,0.1
726,1339,0.9
282,2258,0.3
93,1531,0.7
891,1341,0.2
613,4548,0.6
419,2489,0.5
345,541,0.0
991,163,0.4
52,3764,0.9
41,1228,0.7
509,1039,0.0
105,1544,0.4
894,4467,0.4
722,4227,0.5
908,4888,0.4
545,4646,0.7
863,615,0.9
731,320,0.1
244,663,0.2
173,1974,0.6
224,3147,0.3
60,4679,0.3
510,837,0.1
103,3482,0.5
481,4469,0.6
242,4375,0.3
246,3228,0.1
762,3089,0.1
512,613,0.7
281,2985,0.4
622,519,0.6
285,4374,0.6
30,4771,0.0
741,1569,0.6
619,2372,0.0
439,2082,0.0
670,1605,0.6
12,3834,0.4
884,1525,0.5
225,3357,0.9
415,941,0.7
959,3567,0.5
613,3126,0.7
940,2182,0.7
454,2303,0.0
524,2573,0.3
21,607,0.2
896,2489,0.9
891,3190,0.2
486,2347,0.3
679,1475,0.1
71,4623,0.8
48,3979,0.9
431,2518,0.3
160,2616,0.0
772,1535,0.9
371,1026,0.1
996,3809,0.4
66,1967,0.9
977,4992,0.7
198,1664,0.6
758,2724,0.7
633,1844,0.3
200,3456,0.7
879,681,0.7
612,4586,0.3
664,3636,0.7
777,1889,0.4
896,2201,0.4
192,725,0.7
603,4183,0.3
107,4796,0.3
799,3931,0.3
816,4658,0.6
64,814,0.4
809,2114,0.7
912,2277,0.2
584,1016,0.3
113,4770,0.4
910,3280,0.3
813,2060,0.1
614,4692,0.5
56,1596,0.2
983,2820,0.6
694,3299,0.0
1,1270,0.7
393,2039,0.4
756,1196,0.1
705,4923,0.4
864,3216,0.8
12,3014,0.7
994,2338,0.7
408,1213,0.0
884,4572,0.8
508,347,0.2
445,4396,0.5
402,1357,0.1
970,29,0.2
890,3221,0.2
380,2610,0.2
152,623,0.7
136,2165,0.4
695,4590,0.5
689,2975,0.4
925,3416,0.9
372,3482,0.5
803,2209,0.8
677,2457,0.3
622,3820,0.4
175,2478,0.6
982,1480,0.9
541,969,0.6
151,3151,0.0
502,505,0.6
388,3869,0.4
167,2090,0.3
753,1569,0.1
287,3453,0.6
916,3395,0.1
144,3627,0.1
529,1933,0.7
160,4540,0.1
426,3429,0.1
970,610,0.5
110,3766,0.3
819,1417,0.1
500,1980,0.2
162,2104,0.6
159,3534,0.3
478,2744,0.3
427,567,0.1
459,4402,0.5
71,4316,0.2
20,1026,0.0
681,4906,0.0
500,1625,0.3
887,3452,0.5
914,105,0.4
164,4739,0.5
267,658,0.8
60,838,0.2
608,2035,0.2
965,464,0.7
215,467,0.5
312,3212,0.7
955,4370,0.2
339,512,0.1
368,1454,0.1
365,1058,0.3
344,4907,0.4
17,905,0.3
704,3311,0.5
867,4623,0.4
465,1905,0.4
876,1957,0.7
976,96,0.6
330,3988,0.4
200,3525,0.8
317,1701,0.7
567,3814,0.9
367,219,0.7
858,880,0.6
542,1379,0.9
270,2669,0.2
928,247,0.1
902,4512,0.1
233,133,0.6
751,2444,0.6
681,2369,0.0
543,4423,0.9
855,3941,0.9
181,4005,0.4
5,2139,0.4
929,3933,0.3
81,2894,0.3
855,1934,0.4
435,4778,0.2
297,2614,0.6
509,959,0.2
740,3506,0.5
720,332,0.6
266,3378,0.1
22,3603,0.1
709,3906,0.7
881,1369,0.9
533,3477,0.3
771,936,0.2
734,2527,0.0
964,247,0.9
468,3692,0.1
884,2411,0.1
605,1499,0.2
360,3775,0.1
622,4330,0.1
560,3598,0.5
666,1273,0.2
764,2514,0.8
852,871,0.7
255,1117,0.9
799,4075,0.2
988,4911,0.9
709,1155,0.6
195,3496,0.4
264,4390,0.6
982,3105,0.0
864,4871,0.3
418,3450,0.8
149,1324,0.2
483,2373,0.1
719,4864,0.8
992,962,0.7
35,730,0.2
807,4989,0.1
944,3358,0.4
994,1460,0.4
25,349,0.1
277,1631,0.8
461,4591,0.5
210,4460,0.0
615,3957,0.8
837,4419,0.1
431,3650,0.6
363,149,0.9
842,541,0.4
314,250,0.8
42,4406,0.2
38,4620,0.9
901,1968,0.9
762,1212,0.0
334,2362,0.8
207,3799,0.8
855,2338,0.9
199,628,0.8
6,1091,0.7
595,1511,0.3
218,4315,0.2
945,3619,0.8
10,3523,0.1
774,3636,0.7
78,2176,0.6
585,4966,0.6
883,1853,0.9
161,2933,0.6
22,3080,0.7
409,4648,0.0
74,2177,0.5
688,2764,0.7
448,2212,0.2
955,2463,0.3
95,2114,0.5
98,2784,0.1
873,3902,0.1
16,2937,0.6
87,1714,0.1
412,525,0.4
612,4645,0.4
209,4961,0.1
381,4777,0.2
179,4773,0.4
681,111,0.0
871,2542,0.6
840,4467,0.6
686,4722,0.9
944,1709,0.5
702,3525,0.7
201,3586,0.8
290,3054,0.9
473,4158,0.7
217,2236,0.9
282,1320,0.8
545,1345,0.7
681,3654,0.2
627,4679,0.7
771,4480,0.4
720,2544,0.7
172,1799,0.6
357,1184,0.5
413,2335,0.2
746,2747,0.0
287,3306,0.9
919,1290,0.8
698,74,0.0
500,2985,0.8
140,727,0.7
373,4089,0.3
692,1682,0.2
701,1418,0.1
420,2010,0.2
51,4323,0.2
366,3650,0.2
512,2035,0.8
473,1600,0.9
678,177,0.1
769,1357,0.7
249,2778,0.5
117,3047,0.1
406,2949,0.9
530,303,0.1
329,3940,0.9
299,679,0.5
671,1614,0.6
606,4470,0.8
870,1674,0.9
86,4843,0.5
100,1739,0.6
785,4116,0.2
1,1572,0.0
584,4495,0.8
26,3218,0.8
286,99,0.2
160,3466,0.8
199,2535,0.9
431,4921,0.1
863,1520,0.5
253,872,0.9
168,3279,0.1
394,1568,0.4
78,2993,0.9
679,1910,0.7
582,2740,0.8
336,3929,0.5
913,2200,0.3
807,3005,0.2
53,1082,0.7
533,2871,0.9
561,2602,0.7
492,2218,0.2
909,2578,0.0
525,738,0.0
231,210,0.2
800,762,0.5
177,1784,0.9
170,184,0.9
865,2237,0.5
12,3990,0.0
776,287,0.4
187,690,0.9
99,4164,0.8
504,1996,0.3
165,1460,0.4
87,1853,0.3
344,337,0.0
965,4927,0.2
272,1002,0.0
416,4819,0.6
671,1651,0.4
818,4144,0.0
817,3777,0.7
241,4273,0.5
227,2121,0.5
588,2484,0.2
128,2519,0.1
770,2886,0.2
102,4257,0.6
245,129,0.4
315,1391,0.6
925,3321,0.5
379,1898,0.9
48,2119,0.1
609,4612,0.0
337,827,0.8
318,2177,0.7
408,2535,0.6
254,74,0.4
93,1471,0.1
5,248,0.2
114,1784,0.6
108,2844,0.5
259,2862,0.9
699,1343,0.9
56,3248,0.0
500,2661,0.2
567,2605,0.1
195,2463,0.4
367,360,0.7
115,3622,0.1
113,2181,0.6
398,1799,0.2
298,1940,0.6
66,2359,0.2
85,230,0.1
726,1455,0.8
949,2518,0.5
238,4388,0.3
406,2235,0.2
843,167,0.6
320,4254,0.5
104,3284,0.1
236,2480,0.8
816,787,0.9
418,562,0.0
820,2816,0.4
708,718,0.7
759,1439,0.4
986,2411,0.0
75,1290,0.7
915,2377,0.0
539,4552,0.9
115,1426,0.9
716,4990,0.9
31,2347,0.9
68,4287,0.6
316,4496,0.7
771,3922,0.6
526,3493,0.2
85,366,0.3
692,2421,0.0
997,2908,0.1
743,1960,0.4
288,4796,0.7
667,382,0.9
568,4535,0.2
634,2077,0.4
962,2669,0.6
190,573,0.9
18,2556,0.6
165,4318,0.6
124,3917,0.0
604,2236,0.3
952,4933,0.9
885,186,0.1
480,4718,0.9
267,1601,0.6
468,16,0.9
323,3238,0.9
240,186,0.8
711,3815,0.8
586,2133,0.4
249,549,0.9
105,3971,0.7
470,891,0.9
333,4346,0.9
508,3956,0.2
402,494,0.9
844,3997,0.7
446,1108,0.1
886,206,0.3
523,1762,0.7
650,7,0.9
906,2213,0.8
598,3845,0.9
486,2959,0.2
560,1241,0.1
810,1616,0.8
210,1160,0.1
501,4440,0.2
904,3592,0.9
253,512,0.1
308,2887,0.4
36,2187,0.8
726,1939,0.5
115,3475,0.0
946,2570,0.2
894,4391,0.7
667,2713,0.5
786,4439,0.6
817,1525,0.1
356,3471,0.4
556,1842,0.4
972,880,0.0
245,240,0.4
378,609,0.1
816,1988,0.6
851,4772,0.2
454,4788,0.7
348,3719,0.0
565,1023,0.2
860,2623,0.5
166,408,0.4
752,4737,0.1
910,4056,0.1
472,4306,0.2
361,2820,0.5
553,3140,0.8
191,4068,0.2
276,1320,0.7
75,1119,0.3
901,4737,0.3
943,1229,0.5
665,4712,0.0
334,4210,0.7
121,3013,0.3
80,3450,0.0
369,1009,0.8
785,669,0.1
759,4624,0.1
224,386,0.8
962,1271,0.3
271,4751,0.3
661,1048,0.6
283,284,0.4
344,3706,0.9
479,3891,0.4
861,4916,0.8
259,3445,0.0
65,4219,0.7
907,511,0.3
203,2150,0.0
851,2900,0.4
137,1790,0.2
741,3309,0.6
321,4719,0.2
754,1978,0.0
763,1699,0.4
768,365,0.6
721,3628,0.2
586,4960,0.4
183,4322,0.5
233,3393,0.8
332,2631,0.8
111,799,0.5
525,532,0.5
534,4370,0.8
943,138,0.2
941,1040,0.5
250,1641,0.1
852,2450,0.7
525,4862,0.0
39,1600,0.1
422,2295,0.7
248,612,0.5
403,4904,0.1
309,3891,0.1
668,3857,0.5
402,2911,0.5
773,253,0.7
148,3953,0.1
277,3439,0.7
32,4418,0.6
962,10,0.1
205,3830,0.4
442,88,0.9
105,2005,0.7
290,3104,0.0
193,4422,0.5
278,79,0.8
250,4806,0.9
81,1951,0.4
46,1548,0.9
503,1113,0.9
98,980,0.4
558,3442,0.9
871,4090,0.2
471,1448,0.1
753,2726,0.4
771,109,0.7
923,2843,0.8
560,3283,0.2
222,922,0.4
916,1556,0.1
356,1791,0.6
79,4073,0.2
507,3047,0.5
822,1885,0.0
959,2079,0.7
28,4695,0.0
191,3712,0.2
97,1458,0.6
127,942,0.6
216,2737,0.7
613,400,0.0
191,4965,0.6
473,1639,0.0
372,2065,0.3
679,2133,0.2
115,297,0.9
675,4039,0.3
984,4545,0.0
36,1064,0.0
59,1640,0.3
486,2732,0.5
833,4260,0.3
394,374,0.9
428,1544,0.1
975,335,0.8
697,3956,0.6
410,1338,0.9
776,390,0.4
309,3071,0.4
416,2648,0.8
538,3001,0.4
824,2653,0.0
503,3675,0.7
406,2368,0.5
806,4536,0.7
149,2720,0.9
710,3291,0.2
884,910,0.0
435,3176,0.4
255,3701,0.0
697,4197,0.6
424,1184,0.6
680,4397,0.5
605,727,0.5
217,3945,0.7
38,1370,0.8
173,1024,0.8
746,555,0.1
28,3915,0.4
773,3456,0.9
471,3954,0.8
944,2085,0.6
294,1208,0.9
875,1066,0.0
327,4320,0.2
758,2402,0.0
60,2374,0.7
738,519,0.4
555,154,0.8
705,392,0.6
459,623,0.0
405,2100,0.1
141,4928,0.6
607,4723,0.0
174,4892,0.7
968,1240,0.8
527,769,0.1
370,87,0.5
586,4509,0.1
201,2012,0.1
714,639,0.4
832,16,0.3
846,2094,0.8
799,2779,0.4
25,1399,0.1
913,1387,0.6
945,4878,0.3
983,1204,0.4
70,3342,0.2
612,4861,0.6
631,739,0.9
744,2981,0.9
552,1601,0.9
439,1932,0.9
740,4967,0.9
801,659,0.5
178,688,0.3
623,3143,0.3
270,2054,0.8
315,811,0.0
30,440,0.9
908,3101,0.5
178,3750,0.6
618,4485,0.1
262,4667,0.6
942,1505,0.1
542,64,0.0
637,2439,0.9
26,3014,0.7
184,185,0.1
354,4021,0.2
359,3031,0.4
8,1768,0.0
869,4362,0.0
803,3645,0.6
509,1893,0.4
888,724,0.9
923,1885,0.0
464,911,0.6
732,3592,0.4
490,637,0.1
807,2042,0.1
329,2288,0.4
865,1386,0.2
238,4362,0.7
20,805,0.1
135,3951,0.5
374,1973,0.1
915,4398,0.5
537,1886,0.3
883,1793,0.3
820,2732,0.9
549,277,0.2
635,2926,0.5
897,2023,0.4
139,4405,0.7
519,1069,0.8
548,3378,0.6
164,2379,0.7
710,2466,0.9
767,1194,0.8
29,222,0.0
73,1812,0.4
584,590,0.9
215,1721,0.0
263,4626,0.1
18,2944,0.2
849,4565,0.9
187,4456,0.2
718,1900,0.4
612,1614,0.9
960,4888,0.4
819,2312,0.6
293,3774,0.8
587,1448,0.6
894,905,0.7
57,1736,0.1
676,940,0.6
646,3608,0.1
265,3894,0.9
961,1360,0.3
96,166,0.8
787,2661,0.2
39,847,0.4
619,525,0.9
593,3902,0.8
801,3942,0.4
172,4925,0.2
996,1875,0.3
653,1338,0.4
765,738,0.0
443,2568,0.7
559,3924,0.4
443,3182,0.9
531,1239,0.5
886,1187,0.7
536,2210,0.1
35,3155,0.5
242,370,0.5
594,53,0.0
62,1540,0.1
832,2180,0.7
10,383,0.3
248,614,0.1
418,1759,0.8
985,1681,0.0
898,1482,0.1
535,861,0.0
968,523,0.0
899,70,0.1
352,4687,0.8
626,1660,0.2
205,3669,0.1
878,1596,0.2
190,3712,0.3
135,1062,0.3
712,2051,0.6
751,4133,0.5
197,800,0.7
427,546,0.7
566,2971,0.7
694,2229,0.2
268,3146,0.1
842,4984,0.8
36,4791,0.5
683,3834,0.9
929,1958,0.6
261,718,0.8
117,4818,0.1
858,3556,0.6
882,46,0.0
598,3647,0.9
670,3130,0.7
678,2111,0.0
61,1434,0.9
90,1549,0.0
571,3733,0.0
87,698,0.5
435,2549,0.7
854,2031,0.7
466,4231,0.6
928,563,0.1
560,4289,0.5
906,4520,0.4
272,1038,0.1
592,1784,0.0
590,2564,0.3
866,1561,0.0
683,4198,0.6
389,1491,0.8
143,1792,0.6
749,1411,0.3
474,3887,0.1
284,224,0.2
74,1357,0.2
699,438,0.9
394,4890,0.7
593,989,0.3
818,4094,0.1
129,254,0.4
937,566,0.3
825,3733,0.2
584,3543,0.4
643,721,0.6
233,4186,0.7
230,3540,0.9
197,3035,0.3
153,1069,0.4
687,2980,0.6
673,3666,0.2
959,4470,0.3
943,2275,0.0
944,3738,0.6
239,4805,0.5
365,3171,0.2
921,4626,0.5
31,3496,0.9
473,4503,0.6
996,2229,0.5
63,4988,0.6
444,4504,0.4
406,567,0.1
323,381,0.3
2,3774,0.4
161,4554,0.3
421,4551,0.7
591,1767,0.8
884,1889,0.2
373,1608,0.5
716,1018,0.4
289,3668,0.4
33,3070,0.4
949,723,0.1
474,182,0.0
84,4837,0.1
542,2046,0.9
333,1322,0.5
951,851,0.4
381,1998,0.2
779,3733,0.0
758,4115,0.8
528,2195,0.1
972,751,0.6
832,3396,0.3
296,4201,0.1
285,1839,0.5
461,4291,0.9
176,2191,0.8
364,323,0.1
929,4107,0.9
391,4196,0.1
359,1879,0.8
883,4679,0.1
871,867,0.1
166,1912,0.8
196,1713,0.2
339,3304,0.6
944,3474,0.3
18,2558,0.1
877,4519,0.7
489,3661,0.6
662,2607,0.9
580,2917,0.7
468,3878,0.7
58,3530,0.1
295,1512,0.8
489,344,0.7
458,1899,0.7
968,2286,0.0
854,4412,0.7
746,128,0.6
51,2751,0.1
226,3761,0.6
125,3850,0.3
650,4270,0.3
782,3212,0.2
489,248,0.4
202,2608,0.7
429,1886,0.0
181,243,0.4
441,4196,0.6
454,2763,0.7
159,344,0.7
37,2824,0.0
830,1263,0.4
222,2467,0.3
876,91,0.1
324,1126,0.5
249,4522,0.3
371,2090,0.9
562,1985,0.2
521,2371,0.6
728,2770,0.7
892,4,0.4
638,3550,0.2
812,4252,0.7
72,330,0.7
650,2223,0.7
658,3097,0.1
797,4373,0.8
506,2518,0.3
133,2633,0.0
271,2948,0.6
71,2878,0.3
471,69,0.6
870,1691,0.5
43,206,0.3
130,212,0.9
484,2292,0.4
917,1135,0.7
516,497,0.9
681,2865,0.9
708,2535,0.0
523,615,0.9
870,2001,0.7
510,1902,0.3
354,687,0.7
789,3983,0.6
749,3773,0.3
606,2166,0.5
243,973,0.0
765,3546,0.4
260,3909,0.7
239,4209,0.8
756,4109,0.4
69,4615,0.7
776,4507,0.5
192,1262,0.8
20,1101,0.0
700,394,0.2
56,1603,0.7
288,4895,0.4
562,1475,0.0
262,3521,0.7
271,4343,0.4
755,485,0.8
678,1647,0.9
368,439,0.2
832,3576,0.7
901,2144,0.1
604,4293,0.9
466,3237,0.5
418,820,0.4
871,1371,0.7
46,2220,0.0
819,656,0.3
372,4158,0.9
146,4460,0.0
849,82,0.3
784,615,0.2
567,3088,0.5
684,479,0.8
559,4575,0.1
945,828,0.8
23,4626,0.0
392,4573,0.3
257,3326,0.6
41,1964,0.7
966,3132,0.2
851,341,0.9
442,4619,0.2
951,4180,0.7
911,152,0.5
837,4416,0.8
313,2926,0.3
867,4502,0.7
929,3447,0.8
810,3711,0.1
643,3516,0.5
930,678,0.8
90,369,0.3
628,3271,0.6
56,1179,0.1
579,1815,0.7
326,1458,0.3
35,4095,0.4
908,4092,0.8
750,3245,0.9
949,3602,0.1
606,599,0.7
866,1343,0.5
259,544,0.6
136,3038,0.9
11,4533,0.8
65,695,0.4
164,3178,0.5
939,2824,0.5
773,981,0.8
133,2678,0.6
518,2853,0.4
452,4998,0.0
182,3464,0.1
959,2670,0.3
577,3259,0.8
236,1470,0.7
914,3248,0.5
127,1426,0.8
142,1493,0.1
6,2645,0.2
463,3262,0.8
986,1869,0.3
503,4859,0.7
991,3821,0.4
766,4832,0.0
301,928,0.9
478,9,0.7
210,1528,0.0
417,421,0.5
422,4760,0.9
265,4497,0.3
254,210,0.4
606,3047,0.7
814,3841,0.5
312,3791,0.4
950,3980,0.0
309,2735,0.2
719,1160,0.9
53,4560,0.7
535,3571,0.8
496,2506,0.9
575,2076,0.2
282,2708,0.5
722,138,0.0
915,807,0.5
672,3343,0.1
28,2111,0.9
219,154,0.5
685,4104,0.8
325,1316,0.2
145,2351,0.0
943,4348,0.4
201,2445,0.4
615,488,0.3
383,885,0.8
302,3417,0.8
905,2298,0.8
534,3205,0.5
445,2146,0.6
532,4129,0.8
243,4789,0.4
578,2888,0.1
148,1414,0.6
573,3591,0.1
147,4584,0.7
405,4837,0.8
100,112,0.4
17,232,0.1
221,1134,0.9
152,2215,0.3
260,4204,0.1
131,463,0.4
442,4353,0.9
89,3121,0.8
336,1625,0.2
918,3452,0.1
27,777,0.1
813,4991,0.5
248,4091,0.9
32,1167,0.2
545,4842,0.7
154,421,0.5
440,3841,0.6
137,3148,0.1
574,1177,0.0
731,561,0.2
483,2716,0.6
98,2099,0.3
368,779,0.8
734,4086,0.0
670,3645,0.1
268,3292,0.8
633,1033,0.6
233,311,0.6
143,316,0.0
278,696,0.8
2,211,0.8
288,509,0.6
374,2663,0.5
759,4968,0.1
138,1318,0.3
302,1776,0.7
607,3679,0.6
15,3059,0.2
838,2992,0.3
444,2928,0.5
62,2098,0.3
88,1132,0.0
785,1602,0.5
607,1900,0.2
435,592,0.7
754,1739,0.6
949,3692,0.6
176,3941,0.4
391,300,0.1
774,2866,0.8
892,1570,0.9
953,4600,0.3
367,4829,0.9
308,406,0.1
505,2022,0.0
840,962,0.9
129,237,0.4
603,1937,0.4
880,3950,0.9
372,4013,0.7
91,1962,0.6
93,3333,0.7
252,141,0.2
916,4166,0.5
451,291,0.9
687,757,0.7
62,1346,0.1
261,1066,0.6
713,2551,0.5
480,3900,0.0
332,2452,0.0
475,2657,0.2
146,3037,0.6
224,2047,0.5
632,707,0.5
270,2249,0.4
168,491,0.4
747,2566,0.9
970,4730,0.3
708,885,0.7
590,2922,0.1
88,1793,0.2
989,402,0.7
859,744,0.1
16,577,0.2
392,1017,0.1
804,705,0.0
69,3576,0.2
557,31,0.4
611,315,0.1
834,1133,0.1
722,1277,0.8
362,562,0.0
795,420,0.2
888,431,0.8
831,3670,0.4
227,3329,0.5
182,2519,0.5
652,3181,0.7
495,1341,0.1
843,4260,0.8
473,3008,0.7
648,1081,0.0
120,4048,0.1
956,3076,0.6
538,4659,0.2
513,3696,0.7
447,2674,0.5
902,3491,0.6
431,2415,0.4
311,1986,0.5
743,52,0.8
680,3305,0.6
860,1189,0.2
329,4023,0.6
830,2902,0.3
351,4491,0.3
586,2051,0.0
358,1052,0.4
13,1563,0.9
52,1518,0.2
971,3294,0.5
811,353,0.8
261,2960,0.8
618,1524,0.3
636,3892,0.8
791,589,0.8
392,4293,0.2
823,2750,0.0
905,758,0.4
212,4783,0.2
121,2663,0.7
420,4078,0.6
596,300,0.6
580,835,0.4
868,2572,0.2
438,730,0.8
235,594,0.8
420,1088,0.0
210,4761,0.2
431,890,0.9
190,4889,0.5
28,3400,0.5
358,4072,0.6
264,2975,0.9
325,4175,0.8
721,2938,0.2
905,2524,0.9
817,3537,0.1
200,33,0.8
340,4739,0.6
476,3464,0.0
483,3305,0.9
386,1011,0.1
449,2643,0.7
699,3361,0.4
560,3808,0.5
835,1447,0.2
654,671,0.6
261,4634,0.0
589,4261,0.0
689,875,0.3
519,822,0.2
343,2991,0.7
265,22,0.1
6,768,0.6
408,4418,0.5
543,4620,0.8
300,805,0.9
209,1989,0.8
72,2782,0.6
504,3512,0.1
847,2761,0.4
565,4641,0.1
822,3751,0.5
701,592,0.1
496,2000,0.7
294,198,0.6
646,4851,0.7
793,4648,0.8
831,924,0.5
673,3361,0.5
614,3405,0.8
905,519,0.2
264,2813,0.5
453,1131,0.9
114,4297,0.0
932,231,0.1
561,4748,0.3
511,552,0.0
846,2738,0.2
324,4151,0.2
526,339,0.0
634,3266,0.7
85,1032,0.3
225,2572,0.0
453,331,0.0
449,3896,0.6
640,1110,0.5
958,3823,0.5
5,4313,0.9
920,3019,0.3
427,3445,0.4
719,3039,0.7
286,548,0.5
377,4077,0.5
481,2902,0.8
886,1105,0.9
873,3317,0.9
862,1978,0.7
615,3140,0.0
646,986,0.5
565,3097,0.4
598,4417,0.8
799,3286,0.6
659,3754,0.6
598,4507,0.7
619,68,0.2
643,3854,0.5
165,3992,0.7
996,34,0.4
66,720,0.9
185,3184,0.8
445,4038,0.1
619,4359,0.2
321,2269,0.6
428,1110,0.6
629,3606,0.4
360,4402,0.6
49,2083,0.6
807,3061,0.1
799,762,0.4
781,4144,0.5
348,2771,0.9
965,395,0.9
884,2040,0.3
279,812,0.2
508,4688,0.4
898,1495,0.0
177,3556,0.9
652,136,0.2
461,1716,0.1
652,2902,0.9
350,1519,0.0
696,3076,0.8
766,1836,0.3
368,675,0.1
575,4272,0.7
155,4762,0.9
954,905,0.6
542,4138,0.9
866,4234,0.8
62,3246,0.7
268,4733,0.2
920,2242,0.1
902,1541,0.6
133,1189,0.0
281,1105,0.2
454,1930,0.9
559,2091,0.5
517,2680,0.4
484,4795,0.2
221,3167,0.8
960,832,0.8
786,69,0.0
828,4847,0.7
176,1632,0.5
225,1716,0.4
609,1965,0.5
281,4473,0.4
1000,2542,0.0
168,3572,0.1
100,3430,0.1
759,4853,0.2
224,2567,0.4
971,1407,0.9
305,4875,0.3
141,1498,0.7
371,173,0.5
695,1940,0.9
144,4473,0.3
858,1001,0.2
114,2988,0.5
282,1391,0.1
192,4679,0.9
125,4631,0.4
387,3006,0.1
726,3023,0.7
767,2775,0.9
344,1203,0.3
583,2755,0.9
982,3303,0.2
661,1120,0.5
400,2621,0.2
142,1687,0.4
749,3559,0.3
331,3167,0.2
643,2354,0.5
318,1977,0.5
576,2758,0.0
808,38,0.3
526,1966,0.1
518,4215,0.4
711,2148,0.8
975,698,0.9
36,386,0.5
417,3636,0.7
9,3340,0.7
138,3271,0.1
183,3985,0.4
296,3806,0.2
440,2175,0.7
286,4417,0.4
349,13,0.3
22,3373,0.8
917,148,0.1
173,2890,0.3
380,1516,0.1
328,3137,0.0
251,2427,0.1
792,3513,0.4
193,3816,0.7
768,3776,0.4
663,3045,0.1
460,2984,0.7
118,3790,0.3
64,3995,0.2
823,3522,0.2
591,4055,0.1
262,2763,0.3
742,3017,0.7
743,1433,0.3
730,4739,0.2
38,3089,0.4
609,3492,0.9
37,550,0.0
892,2598,0.5
421,1906,0.8
139,4369,0.2
556,3644,0.2
820,3851,0.0
790,3705,0.0
862,1879,0.4
653,3677,0.9
537,4044,0.4
331,2736,0.8
187,4907,0.5
101,4765,0.0
946,1978,0.0
174,4283,0.1
220,3603,0.0
490,1602,0.7
426,2989,0.3
532,3900,0.0
942,4985,0.1
754,4491,0.8
263,2198,0.9
128,1118,0.2
856,1386,0.5
679,4870,0.9
112,1619,0.3
929,631,0.3
291,3244,0.0
333,2253,0.4
208,4425,0.6
995,2069,0.1
800,2833,0.3
789,4765,0.9
939,539,0.0
32,2148,0.4
905,748,0.9
834,3181,0.2
289,2454,0.7
960,1429,0.0
712,4912,0.9
491,4888,0.6
618,26,0.1
482,3695,0.5
115,2452,0.9
511,2887,0.6
81,3332,0.9
206,735,0.7
853,3905,0.1
726,4750,0.2
515,4941,0.7
761,4557,0.6
763,626,0.7
321,4606,0.6
938,3744,0.8
427,973,0.0
50,1177,0.0
559,2514,0.6
473,4792,0.4
464,1930,0.9
727,949,0.2
853,29,0.5
112,4450,0.3
687,4893,0.3
334,2774,0.0
885,994,0.6
179,3620,0.5
295,3370,0.1
331,943,0.0
942,4139,0.2
847,3864,0.0
756,3251,0.7
444,1763,0.4
911,3979,0.9
478,1900,0.8
462,106,0.0
490,607,0.3
261,3769,0.2
979,2170,0.6
80,2889,0.3
11,3330,0.4
65,3847,0.2
725,58,0.7
894,4607,0.8
233,3930,0.2
431,642,0.9
934,4708,0.3
70,544,0.5
623,435,0.4
851,921,0.9
717,476,0.7
588,4413,0.5
424,2198,0.2
795,2453,0.8
273,4621,0.7
651,2514,0.9
237,4065,0.9
376,1247,0.3
963,1080,0.4
647,485,0.1
794,1269,0.3
214,1842,0.9
205,972,0.5
236,1571,0.7
657,3381,0.3
567,766,0.7
335,4865,0.9
815,4590,0.9
609,1223,0.8
504,4307,0.7
695,4838,0.8
587,3758,0.1
39,2298,0.1
305,58,0.3
373,976,0.5
565,1487,0.3
566,3072,0.4
395,2402,0.2
88,2082,0.5
217,3963,0.3
642,290,0.3
982,132,0.6
764,4188,0.7
61,2914,0.4
760,3428,0.4
121,4779,0.6
398,2814,0.5
287,392,0.5
286,1472,0.0
224,931,0.2
784,884,0.0
535,1652,0.5
813,4309,0.7
28,4906,0.5
173,4344,0.9
229,2241,0.7
780,530,0.1
721,916,0.2
897,163,0.7
499,1505,0.9
803,538,0.8
977,928,0.4
137,2913,0.5
440,4021,0.1
815,4206,0.8
563,916,0.1
645,4581,0.8
460,1162,0.2
205,1252,0.7
251,1624,0.7
789,3507,0.1
472,3915,0.1
112,3840,0.8
475,941,0.0
358,1047,0.2
847,497,0.5
426,2637,0.9
599,249,0.4
272,327,0.3
924,4346,0.7
838,2548,0.1
365,2673,0.9
988,4838,0.8
433,1954,0.4
5,4657,0.5
351,4184,0.6
521,2614,0.0
472,79,0.1
888,2649,0.3
367,1620,0.7
408,4376,0.9
932,1334,0.1
779,226,0.8
838,3290,0.8
880,42,0.0
339,414,0.7
225,3762,0.7
95,2080,0.7
797,313,0.3
816,860,0.0
743,485,0.3
51,3922,0.8
640,1608,0.1
251,4955,0.6
718,2502,0.8
287,1153,0.1
774,1329,0.8
218,75,0.0
302,4252,0.2
222,1082,0.3
973,2006,0.2
997,70,0.9
587,4434,0.3
576,887,0.9
519,2517,0.5
542,2775,0.2
796,526,0.8
42,547,0.2
54,289,0.8
472,4696,0.0
694,4621,0.3
64,995,0.2
630,227,0.7
89,1133,0.2
789,3606,0.9
790,4944,0.2
168,4016,0.7
111,4620,0.8
304,4491,0.6
662,3011,0.2
788,2465,0.0
162,1495,0.7
197,2167,0.1
714,2733,0.1
138,3643,0.4
187,680,0.5
865,1873,0.6
501,2891,0.5
63,785,0.7
750,413,0.4
404,2278,0.0
603,249,0.7
542,1200,0.1
731,2591,0.7
567,2303,0.4
959,327,0.5
970,827,0.9
181,751,0.3
776,590,0.8
731,3165,0.5
427,3545,0.5
69,1337,0.4
715,962,0.7
138,4282,0.2
587,4922,0.7
356,3915,0.4
212,171,0.6
620,35,0.5
495,1744,0.2
222,4339,0.3
193,847,0.6
823,512,0.7
353,1441,0.8
436,565,0.4
651,2727,0.1
283,1799,0.9
964,4361,0.7
662,3838,0.4
546,4029,0.0
248,3076,0.5
366,1796,0.7
108,3351,0.0
674,2180,0.2
898,2372,0.1
581,3714,0.4
174,199,0.6
454,4112,0.2
225,3116,0.3
283,2264,0.1
789,1516,0.8
610,840,0.1
93,1725,0.7
485,373,0.1
818,3079,0.2
631,4242,0.6
439,4392,0.8
151,4051,0.3
405,3434,0.5
795,652,0.9
269,4082,0.4
911,2457,0.1
235,4667,0.3
426,1265,0.9
977,1356,0.4
770,1269,0.4
608,4412,0.3
891,3236,0.7
920,2518,0.6
803,437,0.5
643,2908,0.3
419,2737,0.8
543,3318,0.8
410,3724,0.9
17,3314,0.7
645,1055,0.3
372,4117,0.4
369,1067,0.0
823,2125,0.6
42,4778,0.7
560,2878,0.8
854,4601,0.3
215,1807,0.5
747,1945,0.8
588,4821,0.0
841,576,0.8
142,370,0.4
224,3432,0.4
464,4698,0.2
115,2044,0.7
33,3452,0.7
63,1353,0.4
52,551,0.9
608,4046,0.4
891,1733,0.8
197,1350,0.4
46,3480,0.3
979,2900,0.4
657,2885,0.3
801,3502,0.5
541,4647,0.0
247,1056,0.3
59,4080,0.4
346,1361,0.7
964,883,0.9
720,3055,0.8
860,3889,0.3
448,4921,0.2
12,4867,0.8
989,4465,0.9
846,983,0.0
167,4363,0.5
75,2062,0.4
70,2341,0.3
871,230,0.4
340,993,0.8
630,2859,0.8
564,865,0.0
521,1698,0.7
100,3506,0.7
849,4106,0.3
179,3379,0.5
30,291,0.3
604,2782,0.1
397,4271,0.0
627,4246,0.3
298,963,0.4
426,1921,0.3
744,1847,0.2
969,4091,0.3
837,3140,0.5
627,2070,0.9
51,1442,0.5
611,3154,0.6
247,4597,0.7
804,3243,0.4
744,1694,0.8
831,4784,0.3
409,4014,0.2
647,1524,0.3
181,3654,0.1
801,2735,0.2
786,4859,0.3
268,2648,0.1
575,4514,0.2
335,4937,0.4
846,4045,0.2
630,815,0.8
863,4134,0.6
819,3502,0.8
834,1596,0.5
295,3264,0.2
346,306,0.7
976,3031,0.6
331,1315,0.2
650,3803,0.6
850,4639,0.1
619,1902,0.3
142,1737,0.8
345,2722,0.4
265,2871,0.3
41,422,0.8
880,1069,0.7
715,512,0.2
367,1121,0.5
102,1494,0.1
532,4296,0.8
900,4704,0.0
8,1833,0.8
805,622,0.8
414,1996,0.6
43,349,0.5
280,4458,0.8
237,2404,0.5
979,4909,0.6
814,2518,0.6
626,991,0.0
167,4670,0.2
589,4466,0.1
74,258,0.2
413,3900,0.2
503,3195,0.9
71,2310,0.0
747,1806,0.6
617,1143,0.4
670,241,0.4
731,4453,0.7
717,2407,0.4
160,2371,0.2
832,4100,0.2
658,3217,0.5
758,3665,0.8
36,2195,0.7
670,4360,0.5
453,2432,0.9
155,2066,0.8
687,556,0.8
208,3726,0.8
82,3539,0.2
856,4081,0.8
116,1665,0.6
957,1910,0.7
313,2253,0.9
552,1173,0.6
986,1820,0.5
305,467,0.2
207,2310,0.2
195,4975,0.1
421,2552,0.5
834,4304,0.6
311,4531,0.9
987,999,0.3
429,4060,0.9
832,1090,0.7
653,965,0.3
897,3404,0.2
762,4740,0.3
949,3926,0.5
281,292,0.2
223,3581,0.2
676,791,0.8
485,235,0.3
927,1866,0.1
715,1708,0.2
381,420,0.0
402,1191,0.0
502,1903,0.4
123,2839,0.4
67,59,0.4
648,810,0.9
392,1195,0.2
993,2643,0.7
143,193,0.7
894,2326,0.5
67,4535,0.4
835,2554,0.8
866,994,0.3
254,1508,0.7
248,2621,0.9
647,4799,0.9
735,2841,0.5
966,2243,0.8
833,2682,0.4
58,4612,0.2
977,4080,0.3
464,3928,0.3
963,4354,0.3
121,4844,0.7
120,2933,0.8
587,3090,0.3
3,2483,0.6
2,2193,0.3
7,2466,0.0
52,3027,0.2
833,3501,0.2
551,4385,0.8
737,1731,0.1
623,355,0.8
656,1882,0.8
857,3817,0.2
792,2896,0.1
654,894,0.3
618,2827,0.3
578,491,0.3
197,3097,0.8
770,1856,0.3
891,415,0.6
762,1076,0.7
291,57,0.6
413,1346,0.8
547,166,0.3
472,2341,0.3
403,3256,0.3
564,3257,0.4
485,3844,0.2
761,2553,0.0
813,3828,0.3
217,1342,0.5
41,329,0.2
816,2218,0.5
295,2901,0.3
206,2,0.3
721,1521,0.2
201,1441,0.9
154,2399,0.1
860,735,0.6
976,1071,0.1
926,1517,0.5
965,4164,0.2
197,637,0.0
347,3077,0.3
660,549,0.4
578,4668,0.9
234,910,0.9
708,1255,0.9
75,2942,0.9
194,2088,0.5
990,1532,0.7
215,1218,0.0
305,2755,0.2
289,2043,0.4
6,1408,0.9
888,1741,0.1
230,3239,0.2
70,1449,0.2
661,1227,0.6
534,196,0.3
755,4684,0.5
79,1685,0.2
252,4106,0.6
9,2771,0.6
378,4764,0.6
416,2617,0.7
675,1672,0.0
518,1571,0.3
261,27,0.6
903,2934,0.7
690,784,0.8
870,3333,0.5
584,3943,0.4
308,4794,0.2
66,3393,0.7
280,3166,0.6
313,1065,0.6
542,1889,0.0
448,4201,0.7
420,1509,0.0
476,4743,0.1
592,2837,0.9
61,3403,0.1
64,3228,0.4
748,380,0.1
552,4081,0.7
700,1139,0.8
354,131,0.0
611,372,0.9
665,1405,0.1
119,4418,0.2
167,3767,0.6
532,1807,0.5
564,638,0.3
839,1318,0.7
602,672,0.4
860,4762,0.5
118,1938,0.3
892,3637,0.5
920,1848,0.7
495,2582,0.5
58,4526,0.7
332,1522,0.4
842,770,0.9
25,2514,0.5
121,4669,0.2
253,4725,0.9
827,3664,0.9
345,4143,0.1
865,3359,0.2
52,1422,0.7
626,4209,0.2
256,1499,0.8
802,898,0.7
958,76,0.9
17,1794,0.0
269,1173,0.7
720,660,0.5
240,1966,0.0
257,4388,0.7
377,3914,0.4
628,3265,0.5
647,3911,0.4
40,2815,0.9
592,3482,0.0
670,1484,0.1
288,549,0.4
860,2900,0.7
844,1125,0.6
667,1128,0.6
51,2615,0.3
847,1808,0.5
969,2622,0.5
250,1433,0.5
485,180,0.4
644,1869,0.8
214,1374,0.4
541,4594,0.8
619,3870,0.0
396,2817,0.7
846,1673,0.9
751,3657,0.7
282,3774,0.4
530,1854,0.2
475,2955,0.8
833,134,0.0
764,4905,0.3
796,3459,0.9
317,4248,0.6
889,244,0.3
950,1280,0.5
999,898,0.8
997,2500,0.7
848,4782,0.1
263,4737,0.3
801,3464,0.2
511,4946,0.2
548,1553,0.2
790,2584,0.0
264,1609,0.4
12,3237,0.0
711,3835,0.4
445,3001,0.9
450,4348,0.2
960,4364,0.1
98,120,0.2
171,834,0.4
147,4234,0.8
230,4626,0.3
427,3897,0.7
809,1611,0.5
339,621,0.2
677,284,0.4
939,4248,0.6
233,2552,0.1
497,254,0.6
688,4560,0.2
167,361,0.8
709,3469,0.2
719,1116,0.0
505,4489,0.3
43,1146,0.2
633,3054,0.3
611,2629,0.2
775,2295,0.6
427,1021,0.6
365,2641,0.7
548,4468,0.8
573,154,0.9
16,1481,0.5
976,4027,0.2
340,1814,0.9
296,491,0.7
151,4559,0.7
821,368,0.7
130,3360,0.0
143,2305,0.2
24,448,0.5
940,2606,0.2
229,4187,0.0
822,3658,0.3
244,4126,0.7
251,3088,0.2
263,1690,0.4
174,4622,0.6
732,125,0.9
489,2410,0.8
39,884,0.1
125,2245,0.0
572,2842,0.5
306,1360,0.3
282,1017,0.6
37,1991,0.4
41,1432,0.5
671,767,0.9
635,2341,0.3
315,4771,0.1
948,4145,0.6
277,1141,0.6
979,3263,0.6
609,3875,0.3
58,143,0.0
303,1669,0.0
974,4342,0.0
929,2512,0.7
712,2411,0.1
396,4411,0.0
834,1680,0.1
359,99,0.4
821,3192,0.6
307,4412,0.7
621,3154,0.7
998,3975,0.6
206,3648,0.0
65,4891,0.9
877,1746,0.1
72,2850,0.8
758,1990,0.4
89,3745,0.0
164,797,0.7
4,4041,0.8
116,4210,0.8
35,3236,0.8
7,1479,0.2
532,3338,0.0
491,3843,0.1
592,3993,0.8
953,3096,0.3
694,4302,0.7
956,1738,0.4
818,2273,0.7
820,1933,0.3
773,2760,0.0
861,3778,0.8
943,883,0.9
843,4386,0.3
966,2395,0.7
168,3774,0.9
859,4163,0.8
255,4908,0.4
715,3513,0.1
292,365,0.5
843,1069,0.1
881,4020,0.8
290,4367,0.5
589,746,0.7
238,2594,0.4
616,1101,0.4
298,2789,0.7
868,350,0.5
96,574,0.5
117,1065,0.5
386,373,0.5
296,1267,0.7
938,4340,0.1
779,3246,0.0
441,2009,0.3
745,3183,0.4
934,4629,0.7
970,4811,0.1
107,248,0.6
50,3970,0.6
959,816,0.7
645,4979,0.8
413,1728,0.1
763,2753,0.0
39,2645,0.6
846,4997,0.9
766,1738,0.7
857,1293,0.9
785,1463,0.2
143,2451,0.4
472,2958,0.9
417,3298,0.3
916,1881,0.0
350,443,0.8
378,1948,0.0
11,2089,0.7
346,1949,0.4
325,635,0.6
523,955,0.7
272,2534,0.9
345,1764,0.7
193,1,0.0
132,2498,0.9
505,3033,0.0
361,2600,0.7
517,792,0.9
291,921,0.8
857,1016,0.8
141,1385,0.4
159,4766,0.2
790,4040,0.7
66,2958,0.9
467,3949,0.0
239,39,0.6
968,2240,0.4
886,1297,0.4
228,2103,0.0
364,1972,0.7
986,3908,0.7
965,4386,0.3
212,2339,0.5
567,3202,0.6
913,3029,0.2
668,3072,0.0
636,1028,0.1
415,2893,0.9
59,4316,0.5
780,4656,0.8
553,1761,0.4
509,4117,0.1
756,4575,0.9
361,2464,0.3
63,4390,0.1
439,886,0.7
525,1110,0.4
157,2982,0.8
433,2938,0.1
562,1679,0.1
745,1011,0.8
716,2999,0.8
411,4069,0.7
461,879,0.1
167,3263,0.5
348,407,0.3
673,4252,0.5
928,2969,0.5
723,4524,0.3
830,1610,0.0
195,1002,0.0
763,3091,0.5
158,3793,0.5
35,2680,0.0
426,4580,0.2
133,1175,0.4
779,794,0.9
772,3816,0.5
892,3709,0.4
53,2557,0.8
551,1650,0.4
697,4216,0.3
316,4082,0.0
769,4586,0.6
276,3694,0.1
991,175,0.8
644,3355,0.8
262,4386,0.0
499,1768,0.6
781,1053,0.6
242,3541,0.6
490,2171,0.2
16,3614,0.0
62,673,0.4
247,1353,0.7
365,2351,0.2
208,2150,0.8
91,717,0.9
384,3949,0.4
72,2350,0.1
934,2788,0.7
706,1830,0.6
403,4086,0.0
638,348,0.6
16,2006,0.8
490,2277,0.8
954,1647,0.7
506,1982,0.3
155,2287,0.5
93,651,0.9
469,989,0.1
530,2583,0.5
679,1860,0.0
804,3242,0.9
599,680,0.6
143,4117,0.5
785,2025,0.1
707,3952,0.5
708,2201,0.3
538,28,0.9
354,2742,0.5
273,3155,0.4
438,1269,0.6
958,319,0.6
791,379,0.9
578,3241,0.7
562,3013,0.0
736,190,0.2
894,3165,0.1
181,2086,0.0
955,433,0.6
325,1667,0.1
286,2486,0.5
927,1189,0.4
556,161,0.5
906,1464,0.4
317,483,0.5
731,1623,0.8
817,3858,0.4
384,3990,0.1
652,4483,0.9
393,723,0.9
82,2454,0.1
89,2404,0.6
56,3424,0.4
948,317,0.4
461,1783,0.3
863,826,0.1
964,1715,0.7
584,4610,0.3
494,1264,0.3
150,4198,0.8
418,4837,0.5
973,719,0.6
213,4466,0.6
462,209,0.0
540,19,0.6
915,910,0.4
970,3149,0.1
453,3209,0.5
837,3004,0.2
300,226,0.3
10,3125,0.1
780,3155,0.5
91,4904,0.4
303,1867,0.9
80,2709,0.0
834,2714,0.5
954,3069,0.5
135,1121,0.5
527,4300,0.3
454,2146,0.1
125,4652,0.7
444,612,0.5
922,521,0.2
498,387,0.7
693,4840,0.0
439,1524,0.1
328,3338,0.3
614,1905,0.6
918,3610,0.3
44,2147,0.2
889,2619,0.2
375,383,0.6
772,1646,0.9
399,4790,0.6
843,2466,0.9
998,16,0.6
706,3342,0.5
20,2493,0.6
810,703,0.1
187,1275,0.5
792,3033,0.1
171,4996,0.2
637,180,0.0
771,3959,0.6
748,1527,0.5
916,1408,0.3
155,503,0.9
337,936,0.0
155,3391,0.2
809,2073,0.2
153,2154,0.4
682,1964,0.1
165,40,0.1
961,190,0.9
27,235,0.8
267,1195,0.0
950,416,0.2
656,354,0.1
37,3225,0.7
127,2347,0.3
400,4687,0.7
714,2944,0.7
507,4271,0.5
834,898,0.2
797,4845,0.5
190,1853,0.4
823,2274,0.8
785,512,0.9
237,1875,0.4
199,4614,0.7
922,3380,0.7
510,223,0.6
786,897,0.0
856,3383,0.6
396,2714,0.1
225,3787,0.0
59,19,0.1
333,434,0.7
278,1829,0.9
509,896,0.1
553,238,0.8
122,4818,0.5
496,3383,0.6
659,1408,0.8
2,1285,0.7
707,444,0.0
72,2553,0.5
436,2763,0.6
486,3166,0.3
692,1192,0.9
773,3532,0.9
369,2850,0.0
82,2234,0.1
887,4924,0.5
819,369,0.2
830,874,0.5
277,2111,0.1
550,2419,0.2
233,956,0.0
802,3104,0.0
475,2239,0.6
607,272,0.6
931,1805,0.7
90,3423,0.1
992,605,0.2
218,373,0.3
498,1203,0.4
295,3956,0.9
992,4551,0.5
894,2016,0.5
38,4389,0.5
163,3797,0.3
758,4550,0.3
362,938,0.2
326,1503,0.8
924,3898,0.1
713,360,0.6
639,2726,0.5
790,2317,0.8
954,3608,0.0
507,2173,0.7
200,943,0.8
696,1053,0.6
543,4088,0.2
399,1039,0.3
850,3170,0.8
116,28,0.4
711,922,0.0
39,3258,0.8
756,756,0.8
38,2346,0.9
887,2705,0.6
590,2322,0.2
245,595,0.1
144,1508,0.2
880,4129,0.0
940,4511,0.4
285,4543,0.7
462,4445,0.3
863,1263,0.1
536,395,0.8
134,4286,0.0
253,4335,0.9
166,3151,0.9
124,4174,0.3
405,1467,0.9
386,2697,0.3
365,1114,0.5
973,3778,0.9
815,939,0.0
39,231,0.9
774,2309,0.4
644,2088,0.9
405,2325,0.9
135,4855,0.1
603,4307,0.8
686,3488,0.3
338,4465,0.7
801,2824,0.0
344,2312,0.3
468,2544,0.1
968,3979,0.6
688,702,0.3
113,2582,0.2
360,568,0.8
199,647,0.4
792,2718,0.0
510,2224,0.8
835,1034,0.1
458,4896,0.6
435,4974,0.4
175,2673,0.8
772,4074,0.8
196,3909,0.1
495,3940,0.0
726,823,0.6
618,3713,0.9
368,4190,0.1
499,309,0.7
114,3753,0.0
930,2234,0.8
537,3332,0.9
596,4930,0.0
370,3435,0.6
75,2867,0.1
239,981,0.3
845,2788,0.6
907,3113,0.5
669,4932,0.8
851,3592,0.6
629,3823,0.4
941,2190,0.3
527,4562,0.2
629,4500,0.2
322,834,0.6
629,4242,0.6
649,125,0.4
693,4707,0.9
881,51,0.0
754,585,0.0
234,4745,0.0
748,859,0.4
53,1300,0.6
85,2070,0.5
950,238,0.3
15,2969,0.4
593,1857,0.2
186,1847,0.6
536,3526,0.2
455,896,0.6
711,752,0.7
334,177,0.1
99,3090,0.0
386,4080,0.9
445,1907,0.0
231,1672,0.5
591,1942,0.7
945,4693,0.3
617,3837,0.0
620,4144,0.7
3,2766,0.1
758,1434,0.7
847,3837,0.6
343,3635,0.6
841,1656,0.2
550,2,0.1
580,2725,0.6
792,4065,0.1
291,4880,0.8
512,82,0.2
675,4805,0.9
649,4864,0.8
57,3503,0.9
255,1039,0.4
889,1105,0.2
182,1003,0.7
137,3404,0.6
185,4474,0.8
635,2249,0.9
241,1980,0.2
796,3283,0.1
92,1352,0.0
607,406,0.6
750,686,0.5
691,4571,0.9
346,2723,0.9
467,3097,0.1
978,794,0.3
745,4569,0.0
472,1446,0.1
991,2800,0.0
770,4839,0.1
287,918,0.3
226,3579,0.6
809,532,0.7
481,4446,0.0
273,1768,0.4
79,398,0.8
279,3193,0.9
73,4967,0.6
845,549,0.6
464,4502,0.5
837,20,0.1
115,435,0.4
297,4208,0.3
661,2175,0.3
720,907,0.7
182,1811,0.8
662,2163,0.0
815,4594,0.7
440,3389,0.9
755,1255,0.7
80,1861,0.5
272,61,0.3
59,464,0.7
485,2487,0.2
938,2501,0.0
827,3542,0.1
851,3302,0.5
726,204,0.8
127,4121,0.3
865,1995,0.8
225,3309,0.7
107,1799,0.3
553,1393,0.4
472,1120,0.3
107,1519,0.0
834,4685,0.9
58,634,0.6
154,3003,0.6
513,2006,0.8
265,3159,0.9
376,729,0.3
508,932,0.8
115,3907,0.7
768,3673,0.1
49,4536,0.8
85,1170,0.4
413,777,0.0
737,3146,0.3
6,1148,0.4
545,2287,0.8
493,3118,0.4
114,949,0.5
223,2590,0.6
312,4470,0.5
486,4945,0.8
872,2972,0.7
800,3139,0.9
76,4065,0.6
450,2001,0.6
939,1031,0.9
645,830,0.8
94,3286,0.6
306,2935,0.4
673,2184,0.3
855,2246,0.8
547,2254,0.6
410,938,0.3
621,4255,0.0
819,4796,0.5
597,2235,0.6
614,4653,0.9
898,1394,0.5
989,4689,0.7
594,4768,0.1
389,3671,0.0
330,3162,0.1
489,3281,0.1
744,3018,0.6
620,4350,0.0
525,469,0.3
124,3620,0.2
614,1242,0.3
411,326,0.9
787,2559,0.8
756,2920,0.2
18,868,0.2
464,446,0.0
544,946,0.8
909,2814,0.0
936,3488,0.6
324,3360,0.1
332,4097,0.0
592,3258,0.9
519,4605,0.9
86,2931,0.5
778,2908,0.7
131,4770,0.0
130,2970,0.3
741,2432,0.7
805,4052,0.6
757,4095,0.2
340,4832,0.2
492,1544,0.9
689,3588,0.9
807,1686,0.9
504,3553,0.1
961,2184,0.0
932,624,0.2
589,4069,0.1
84,1896,0.8
554,4610,0.9
555,735,0.3
10,4165,0.7
75,3857,0.7
75,4941,0.6
195,3320,0.3
995,4252,0.3
857,4636,0.4
607,1096,0.8
880,3553,0.6
980,3488,0.4
849,3631,0.2
223,2118,0.0
696,4784,0.2
635,2502,0.8
806,2172,0.9
232,4065,0.3
87,4047,0.9
127,1377,0.0
385,3217,0.1
689,4043,0.3
646,4152,0.9
876,346,0.4
64,673,0.4
84,185,0.0
512,3384,0.2
767,3064,0.5
996,3447,0.2
231,833,0.8
540,2880,0.4
327,3159,0.7
43,1343,0.6
551,4307,0.5
887,3673,0.2
241,1277,0.2
74,348,0.3
477,2667,0.2
530,4209,0.6
746,1930,0.2
643,3714,0.1
822,981,0.0
443,4404,0.6
582,3700,0.1
23,921,0.6
355,4375,0.5
529,3709,0.4
849,1290,0.8
848,4944,0.3
680,2197,0.2
599,4496,0.1
400,3918,0.0
906,1095,0.7
438,3131,0.9
369,633,0.5
89,785,0.4
834,3015,0.8
985,671,0.4
879,1491,0.4
40,1073,0.0
202,598,0.6
699,1602,0.3
942,4444,0.7
515,2735,0.1
203,20,0.2
128,1607,0.8
735,759,0.0
401,1658,0.2
74,2240,0.4
139,1706,0.9
265,4592,0.0
905,123,0.2
60,2958,0.6
272,4527,0.4
351,1880,0.7
874,4605,0.8
798,2664,0.2
118,3040,0.5
242,1366,0.1
642,4932,0.1
92,3901,0.2
413,4360,0.2
667,2424,0.1
925,1151,0.7
709,4207,0.3
728,3933,0.2
180,4718,0.6
198,3405,0.4
981,506,0.3
774,3928,0.7
200,4454,0.1
450,830,0.8
495,3754,0.8
876,1493,0.3
251,834,0.2
431,927,0.9
711,789,0.1
94,3144,0.3
794,3038,0.0
986,1112,0.6
421,4806,0.8
318,1424,0.4
523,3210,0.6
40,67,0.6
305,4584,0.4
126,3823,0.9
850,3950,0.7
847,287,0.8
453,1176,0.6
85,3884,0.7
877,4192,0.1
158,566,0.6
508,4206,0.5
422,88,0.6
936,3151,0.0
103,3172,0.6
314,3448,0.2
682,2533,0.9
252,4837,0.5
511,2276,0.0
69,1639,0.3
859,441,0.9
892,4426,0.6
888,234,0.8
955,4521,0.5
461,3569,0.4
114,715,0.1
154,4359,0.1
300,2928,0.2
227,813,0.7
901,525,0.2
457,788,0.4
940,1830,0.4
438,4352,0.0
845,198,0.1
298,290,0.2
933,210,0.8
650,1521,0.0
684,1330,0.0
659,1942,0.1
86,2298,0.9
990,4166,0.7
290,4331,0.8
365,1342,0.7
305,3003,0.5
828,2957,0.7
38,2181,0.7
220,4291,0.3
712,546,0.9
880,2109,0.9
253,4006,0.3
24,1064,0.0
89,810,0.5
988,2555,0.1
212,4637,0.8
695,44,0.7
798,4381,0.2
194,1795,0.6
938,1834,0.6
452,3910,0.1
643,1669,0.2
525,857,0.8
487,3304,0.6
319,2039,0.4
624,4649,0.9
293,2495,0.4
813,2513,0.2
511,2154,0.9
427,2650,0.4
342,4963,0.8
862,484,0.9
276,4208,0.9
305,4068,0.3
875,1767,0.5
436,3587,0.6
909,2238,0.4
619,3672,0.0
340,3211,0.4
158,3626,0.1
514,2001,0.5
405,875,0.5
697,673,0.0
748,1938,0.8
116,2995,0.9
629,4782,0.1
685,1419,0.7
862,3987,0.6
333,3034,0.4
129,4665,0.2
135,1858,0.3
29,4902,0.6
248,524,0.5
646,941,0.4
875,1557,0.5
188,3814,0.8
578,1742,0.6
34,2953,0.7
941,3686,0.8
433,3807,0.5
945,422,0.8
743,2965,0.9
488,3960,0.2
177,3624,0.1
498,279,0.7
254,2907,0.5
881,550,0.6
387,744,0.3
768,834,0.5
380,883,6.6
282,3055,0.2
129,1321,0.5
615,71,0.4
410,3812,0.7
994,2206,0.6
625,3083,0.6
957,1141,0.8
781,4091,0.3
257,3122,0.1
288,174,0.8
230,4002,0.8
665,1654,0.1
185,276,0.9
323,1671,0.1
30,1362,0.9
134,4606,0.8
538,1336,0.0
169,4526,0.6
30,3804,0.9
918,1785,0.8
646,1163,0.4
473,1788,0.8
553,3500,0.8
362,116,0.6
797,2875,0.8
72,2490,0.4
57,881,0.6
657,1958,0.4
1,1158,0.9
959,4729,0.0
953,2198,0.7
909,2218,0.2
425,2886,0.9
695,337,0.6
455,1719,0.6
95,3772,0.3
800,537,0.2
143,4178,0.2
357,633,0.2
501,4923,0.6
217,372,0.9
50,186,0.1
857,1372,0.5
523,2393,0.9
206,3070,0.0
742,422,0.5
887,4096,0.8
677,1169,0.9
454,2618,0.7
104,2506,0.0
33,1256,0.2
811,656,0.0
569,728,0.5
727,504,0.1
930,3191,0.4
69,2484,0.7
855,2632,0.7
991,4553,0.7
283,2271,0.6
996,3085,0.0
423,1063,0.0
540,3066,0.8
965,735,0.5
669,3527,0.1
154,4609,0.9
843,3685,0.4
132,3707,0.8
136,4971,0.7
285,4120,0.4
630,840,0.9
866,3405,0.9
81,3148,0.5
6,1709,0.0
612,4204,0.8
665,2804,0.1
896,2683,0.1
149,511,0.5
226,343,0.7
854,2322,0.0
998,3644,0.5
458,2966,0.1
214,1318,0.3
104,1813,0.5
777,3147,0.2
708,1523,0.8
745,3067,0.6
276,3819,0.4
751,3617,0.0
218,1626,0.2
746,3841,0.8
61,76,0.8
809,2207,0.8
363,3363,0.9
621,4738,0.5
841,3889,0.1
643,3777,0.8
461,2901,0.1
373,3128,0.7
47,425,0.9
16,3551,0.7
601,1951,0.9
533,4075,0.0
912,2419,0.4
666,2979,0.9
750,688,0.9
311,3769,0.5
981,1432,0.8
372,383,0.3
418,1980,0.9
412,3618,0.9
450,2679,0.7
996,4528,0.7
216,2819,0.6
399,199,0.2
513,1542,0.6
367,1392,0.6
976,4607,0.1
572,3005,0.1
39,1305,0.7
493,4796,0.0
658,4985,0.3
325,30,0.1
140,3412,0.1
640,1889,0.9
358,3895,0.0
640,4188,0.5
847,3428,0.6
939,4593,0.3
577,3908,0.6
667,1868,0.8
430,3086,0.8
467,4916,0.8
852,1766,0.9
615,715,0.6
496,2039,0.9
277,2667,0.8
890,35,0.3
764,50,0.9
814,1354,0.8
859,4565,0.3
145,2061,0.5
694,4516,0.7
102,3588,0.3
554,4745,0.3
508,2250,0.4
765,2663,0.3
885,2069,0.5
905,3803,0.7
268,517,0.9
754,1304,0.0
981,353,0.4
582,3805,0.7
535,3796,0.3
883,664,0.5
160,4370,0.4
988,4349,0.5
818,2312,0.5
654,3877,0.3
257,1582,0.2
399,14,0.5
278,3684,0.4
612,934,0.0
610,711,0.2
958,1745,0.2
850,2862,0.0
767,3387,0.6
236,3750,0.6
452,208,0.5
288,1955,0.3
334,3308,0.7
887,2116,0.3
105,2079,0.4
331,727,0.7
163,2241,0.0
527,2069,0.8
367,2783,0.4
757,4054,0.0
378,1789,0.7
865,864,0.3
119,968,0.8
22,2232,0.6
146,4633,0.3
83,1566,0.0
686,809,0.3
473,2292,0.0
877,2444,0.1
339,2105,0.2
676,1455,0.7
716,1139,0.2
28,3429,0.5
604,533,0.2
2,3458,0.8
260,2591,0.6
742,3277,0.9
787,859,0.4
523,4879,0.3
114,302,0.3
878,4240,0.4
13,2392,0.0
528,20,0.9
491,1970,0.4
506,2818,0.4
251,164,0.9
779,1266,0.0
237,2319,0.6
659,2145,0.1
332,4715,0.7
55,4437,0.1
63,2984,0.6
121,629,0.5
691,1357,0.5
101,313,0.7
23,1659,0.4
908,1946,0.7
522,4565,0.2
94,728,0.1
759,504,0.4
393,1184,0.3
550,289,0.3
14,2004,0.7
632,2986,0.2
214,4615,0.2
725,1607,0.9
935,3366,0.0
277,1628,0.8
317,3425,0.9
281,3777,0.8
374,2283,0.4
683,4093,0.3
891,1418,0.7
908,525,0.7
507,3116,0.5
190,4656,0.3
643,2618,0.2
994,3091,0.6
595,2985,0.6
301,3163,0.1
113,629,0.9
872,226,0.8
359,4972,0.2
529,272,0.1
588,527,0.7
285,4599,0.2
849,168,0.6
904,3982,0.1
903,1794,0.0
115,1078,0.9
831,2023,0.9
778,2561,0.7
489,3384,0.0
313,1972,0.2
404,4243,0.2
418,1193,0.9
353,3002,0.6
867,488,0.4
197,2040,0.1
810,4644,0.8
258,3085,0.6
672,991,0.9
254,4961,0.4
487,4250,0.5
647,3666,0.5
165,637,0.5
760,2795,0.3
25,4695,0.8
860,2402,0.0
558,1485,0.4
995,4167,0.9
215,4247,0.9
924,4416,0.4
429,377,0.4
361,389,0.7
680,1463,0.1
624,4376,0.3
336,578,0.6
990,4907,0.5
983,1786,0.6
743,326,0.0
997,4531,0.5
371,1373,0.3
2,3941,0.5
228,3219,0.8
416,1007,0.6
506,802,0.1
555,3686,0.0
631,2889,0.4
134,2453,0.0
468,654,0.0
905,1118,0.5
508,307,0.4
590,4456,0.0
773,808,0.6
941,2569,0.4
480,2475,0.7
291,3958,0.9
757,3455,0.8
421,3978,0.8
431,74,0.6
226,1165,0.6
124,757,0.8
730,4622,0.9
768,4189,0.8
649,1977,0.7
180,3157,0.4
885,1893,0.3
979,3283,0.7
668,4314,0.9
856,2071,0.4
871,1352,0.1
227,2532,0.6
354,4610,0.4
519,1936,0.1
132,267,0.3
919,684,0.7
176,2234,0.4
15,3167,0.6
948,2042,0.7
64,3904,0.1
877,3408,0.9
67,477,0.9
58,1894,0.0
226,4255,0.0
107,62,0.7
197,3722,0.8
144,395,0.5
277,3083,0.1
129,3610,0.4
906,3487,0.7
589,4443,0.4
855,2855,0.2
963,655,0.3
46,492,0.6
122,623,0.6
1,3867,0.1
890,4186,0.9
888,3112,0.4
831,1452,0.5
407,4165,0.8
17,2944,0.7
150,2937,0.0
504,2209,0.1
143,1493,0.4
868,2882,0.9
216,2280,0.6
56,4143,0.0
824,4380,0.4
537,1210,0.2
260,1836,0.5
992,672,0.6
252,945,0.7
247,240,0.2
566,852,0.3
812,2067,0.4
263,1541,0.0
203,3445,0.3
890,90,0.2
960,3835,0.9
630,429,0.1
450,1092,0.9
329,2413,0.0
941,3033,0.4
826,3574,0.2
218,4875,0.4
624,2800,0.3
9,3808,0.0
237,4565,0.7
94,1019,0.3
740,4596,0.0
973,3934,0.3
178,3044,0.2
437,3763,0.5
68,4907,0.4
418,4836,0.9
790,2293,0.9
386,915,0.1
754,3985,0.2
274,573,0.7
957,1402,0.7
870,184,0.3
538,2145,0.8
437,3501,0.7
31,1432,0.9
244,756,0.4
787,753,0.8
22,4004,0.9
735,1348,0.4
362,3170,0.4
387,3430,0.6
906,1039,0.9
276,163,0.1
902,3019,0.8
372,3327,0.4
844,3033,0.7
707,2308,0.8
590,1667,0.1
217,4599,0.8
398,1896,0.7
592,3507,0.6
993,1342,0.4
732,2279,0.9
225,4219,0.9
935,4802,0.5
466,4670,0.3
250,1242,0.7
125,3126,0.7
157,1271,0.7
925,1150,0.3
988,2606,0.1
874,1051,0.1
702,4538,0.3
475,409,0.1
161,2825,0.8
668,4267,0.0
462,4290,0.5
320,4240,0.6
7,4941,0.3
563,3561,0.0
292,1768,0.7
871,3968,0.3
779,662,0.3
38,1481,0.3
338,2626,0.3
40,418,0.4
400,1814,0.8
109,2812,0.0
300,535,0.2
534,1583,0.1
48,675,0.2
329,3233,0.1
458,3504,0.4
734,1704,0.0
431,4750,0.0
554,4789,0.8
940,4,0.3
858,1147,0.9
477,4094,0.7
299,4725,0.9
922,1567,0.3
522,613,0.6
509,951,0.7
517,3641,0.9
400,410,0.0
518,846,0.9
99,7,0.4
836,1071,0.6
620,4803,0.3
199,4073,0.7
212,2860,0.1
860,2933,0.4
914,1448,0.9
198,511,0.8
234,2982,0.0
157,4132,0.1
587,3736,0.9
835,3419,0.7
31,942,0.6
835,4977,0.1
699,3294,0.3
992,2849,0.9
202,3849,0.7
263,3937,0.3
708,268,0.4
101,880,0.9
160,3759,0.9
777,2382,0.9
574,111,0.4
762,1498,0.7
696,3080,0.9
915,81,0.5
534,2788,0.1
528,941,0.2
827,3713,0.4
515,466,0.7
537,4408,0.6
451,2612,0.4
671,258,0.1
319,4471,0.9
486,3796,0.5
923,2525,0.1
729,4921,0.5
19,4192,0.7
156,2352,0.2
697,4519,0.2
629,4202,0.0
923,2121,0.3
657,3847,0.2
43,1977,0.9
538,1405,0.0
469,2429,0.9
23,3896,0.8
260,4399,0.5
195,4623,0.7
696,4522,0.7
514,720,0.3
688,2441,0.6
568,1606,0.1
659,3229,0.2
39,1817,0.1
661,1122,0.0
248,379,0.1
460,4386,0.9
731,1156,0.1
736,2981,0.2
693,2106,0.6
782,3717,0.2
82,4941,0.9
629,3514,0.7
808,2168,0.2
917,3148,0.5
994,185,0.7
320,4381,0.1
746,4823,0.8
768,27,0.7
779,3822,0.4
482,654,0.8
270,3932,0.1
723,4981,0.0
895,949,0.4
344,3656,0.8
572,4416,0.8
397,3679,0.0
112,4920,0.5
283,237,0.4
22,2906,0.4
63,700,0.2
975,4664,0.0
118,2711,0.8
410,2037,0.2
375,294,0.7
855,1068,0.7
751,3755,0.2
382,1660,0.1
876,4414,0.4
501,1239,0.3
181,4155,0.8
629,2311,0.0
269,3594,0.6
533,577,0.4
940,1581,0.8
609,1882,0.7
653,3583,0.5
105,4453,0.2
54,1960,0.7
167,1514,0.5
452,2277,0.5
507,4896,0.3
766,3272,0.4
265,3780,0.4
492,1213,0.6
402,4728,0.0
814,4568,0.0
526,4146,0.1
710,940,0.3
804,1695,0.4
428,4370,0.5
374,788,0.2
901,3109,0.5
325,1584,0.6
547,3908,0.7
902,2015,0.4
223,3788,0.2
750,508,0.1
988,4025,0.4
314,3800,0.5
864,2443,0.2
212,3999,0.2
82,4611,0.9
99,3827,0.0
65,1807,0.7
380,1067,0.1
812,2063,0.9
584,2562,0.0
748,4441,0.2
326,1895,0.5
998,1713,0.9
724,1958,0.6
900,4826,0.1
651,1198,0.8
813,2250,0.5
152,4987,0.8
979,166,0.2
530,2566,0.1
158,3794,0.3
459,3777,0.9
887,2684,0.6
377,2987,0.1
852,1121,0.8
967,2754,0.3
225,3828,0.5
17,67,0.3
966,320,0.0
982,172,0.6
321,4368,0.7
548,1351,0.5
684,4048,0.2
915,4031,0.0
216,4174,0.6
731,1572,0.1
907,2323,0.5
258,1587,0.0
533,1936,0.8
950,3462,0.6
324,3829,0.4
72,1514,0.2
13,129,0.4
104,4880,0.3
864,3401,0.7
31,1767,0.3
332,4795,0.1
397,4651,0.7
688,4042,0.9
836,246,0.1
227,3860,0.1
215,870,0.4
124,2518,0.7
117,4860,0.9
921,3513,0.9
360,3530,0.8
18,907,0.6
565,697,0.2
511,264,0.9
841,4481,0.8
322,3025,0.7
744,959,0.4
180,233,0.4
307,253,0.9
98,3086,0.0
658,2279,0.3
962,3046,0.2
83,551,0.6
171,1640,0.6
534,4375,0.7
964,3116,0.0
317,1468,0.4
102,3226,0.7
76,369,0.9
255,1839,0.2
729,2267,0.2
121,263,0.2
184,969,0.6
120,541,0.3
793,3800,0.5
476,3006,0.1
298,591,0.9
528,2779,0.8
992,1613,0.7
223,3396,0.1
701,524,0.7
180,884,0.6
707,332,0.5
892,853,0.5
490,2044,0.6
851,4707,0.2
885,1796,0.4
772,1130,0.2
770,4588,0.6
99,797,0.6
386,428,0.8
412,3138,0.4
730,2668,0.3
577,3887,0.1
862,4609,0.8
819,3802,0.0
778,2736,0.5
564,2799,0.4
12,553,0.2
713,16,0.4
24,3816,0.5
729,2528,0.7
809,2687,0.4
754,4634,0.3
409,4598,0.0
783,4743,0.6
984,3901,0.4
590,2776,0.0
801,1277,0.5
813,1773,0.3
125,604,0.2
780,4016,0.3
280,1969,0.3
728,2905,0.0
463,862,0.2
339,1394,0.1
855,1041,0.8
181,1860,0.9
29,4047,0.7
67,382,0.6
87,1459,0.4
875,3232,0.8
753,2154,0.0
151,4479,0.7
369,17,0.8
906,1565,0.2
441,4273,0.8
926,3043,0.0
474,3109,0.5
548,2632,0.4
795,3758,0.6
736,3078,0.2
39,280,0.7
103,288,0.4
285,2453,0.7
767,2099,0.1
393,1267,0.4
687,2508,0.2
625,2564,0.8
445,3948,0.8
134,46,0.7
941,4487,0.7
2,2931,0.1
116,1967,0.8
131,316,0.6
604,3068,0.4
254,1730,0.8
523,1104,0.9
87,2298,0.3
877,1859,0.5
48,1035,0.3
879,73,0.8
18,2406,0.3
414,1866,0.7
909,985,0.8
914,2007,0.6
644,2575,0.5
577,2522,0.6
234,2042,0.7
105,1912,0.3
877,1868,0.1
473,1737,0.2
546,3775,0.4
314,583,0.7
575,866,0.1
177,563,0.4
201,2066,0.8
633,2585,0.4
321,943,0.9
368,1426,0.2
359,2137,0.0
951,2888,0.9
935,4042,0.5
350,3496,0.4
509,3452,0.6
917,1216,0.4
665,1558,0.5
828,1455,0.7
713,4963,0.0
14,75,0.3
68,2740,0.4
123,4179,0.7
254,1553,0.1
278,3775,0.9
767,1605,0.6
903,2950,0.4
485,2690,0.1
689,4152,0.5
780,328,0.5
582,3695,0.0
22,1201,0.3
603,3314,0.4
378,4835,0.9
723,1228,0.8
659,4225,0.0
486,2649,0.8
742,3466,0.5
803,3177,0.3
150,663,0.9
323,1828,0.2
755,36,0.7
979,2019,0.7
322,3579,0.0
882,297,0.5
533,4843,0.4
260,750,0.6
417,690,0.7
660,1498,0.8
213,3959,0.3
481,275,0.0
879,4394,0.1
887,3333,0.1
595,3181,0.5
316,86,0.9
40,3400,0.9
238,1815,0.9
1,4839,0.7
101,2206,0.5
491,102,0.3
742,3626,0.5
138,2888,0.8
22,1280,0.9
674,2629,0.7
856,2637,0.7
88,141,0.2
228,3344,0.3
766,3654,0.5
525,542,0.4
205,1988,0.4
858,2797,0.7
217,2115,0.0
327,3620,0.7
972,2785,0.8
401,3171,0.0
681,3269,0.8
419,1311,0.8
867,3850,0.8
920,4467,0.7
997,3872,0.0
732,3577,0.1
173,1496,0.7
957,583,0.1
968,3999,0.5
984,3841,0.5
772,972,0.5
660,3272,0.4
31,240,0.5
151,1476,0.9
491,2136,0.7
772,3029,0.4
328,2305,0.5
380,2540,0.7
988,3334,0.0
428,4166,0.4
472,561,0.9
414,4893,0.8
32,2225,0.4
492,2387,0.4
973,1332,0.7
480,1922,0.6
115,1138,0.8
390,3200,0.5
905,4291,0.7
513,4353,0.7
281,1465,0.8
645,2401,0.8
469,3199,0.9
126,1918,0.3
660,4469,0.2
357,4507,0.7
798,1872,0.8
634,912,0.0
249,3580,0.8
182,1427,0.3
83,2028,0.8
333,867,0.9
239,791,0.7
196,3746,0.5
826,4173,0.6
607,1032,0.6
355,4335,0.8
301,3047,0.8
414,1119,0.7
27,487,0.0
267,316,0.4
99,2146,0.8
119,1030,0.8
482,3856,0.8
20,2939,0.5
298,4389,0.4
774,429,0.9
776,3109,0.6
322,3065,0.8
704,1797,0.2
765,395,0.7
856,532,0.9
800,4941,0.5
589,1874,0.3
821,3369,0.7
591,3276,0.7
926,794,0.5
649,3701,0.4
901,293,0.3
147,540,0.5
548,321,0.4
880,2262,0.5
244,3645,0.6
363,4542,0.7
381,1250,0.1
797,4110,0.0
485,3004,0.7
16,2915,0.7
931,3645,0.5
524,121,0.8
439,2916,0.8
352,2556,0.8
695,791,0.1
864,4826,0.4
84,692,0.6
250,2751,0.5
865,3579,0.4
833,1150,0.6
342,4150,0.1
165,2666,0.2
276,3249,0.1
373,1218,0.0
729,1119,0.2
760,665,0.4
773,2650,0.9
84,4132,0.7
483,2417,0.0
141,3176,0.4
259,3626,0.8
624,4033,0.5
929,3132,0.7
465,877,0.3
108,2154,0.2
933,3582,0.4
545,1632,0.5
561,4342,0.1
517,1626,0.2
329,2021,0.3
331,4233,0.1
113,2667,0.2
537,2111,0.6
267,2440,0.1
532,4217,0.3
519,4552,0.1
308,1173,0.4
247,571,0.7
719,2975,0.6
351,24,0.7
652,763,0.7
432,895,0.9
966,3955,0.0
369,3746,0.5
638,138,0.5
226,4838,0.9
573,3484,0.4
782,2439,0.3
502,2954,0.9
994,4433,0.9
626,3214,0.8
33,2318,0.1
299,976,0.7
321,1432,0.5
723,1736,0.0
468,2914,0.4
685,2918,0.5
432,3509,0.7
7,4016,0.4
896,1171,0.7
940,2696,0.2
616,3647,0.0
559,2473,0.8
859,3035,0.2
412,2156,0.1
666,4241,0.9
940,4458,0.4
186,3630,0.6
300,2915,0.5
551,2866,0.8
870,2428,0.9
46,1759,0.4
260,1918,0.4
922,234,0.0
961,1448,0.6
895,3444,0.7
178,1980,0.1
163,893,0.2
297,216,0.5
189,1604,0.1
894,4766,0.1
687,4134,0.3
724,895,0.5
495,3085,0.5
431,860,0.0
952,3137,0.0
188,708,0.6
714,1988,0.6
701,2222,0.5
999,2683,0.8
42,2599,0.9
251,4150,0.9
526,2477,0.7
946,537,0.2
34,2028,0.6
790,4632,0.0
251,4255,0.5
866,4049,0.8
641,2834,0.2
398,2416,0.5
1,1188,0.0
433,1814,0.5
202,2788,0.1
5,1511,0.7
520,1605,0.7
559,1157,0.1
262,840,0.9
256,738,0.6
391,2733,0.8
202,2013,0.5
350,3303,0.8
302,4958,0.1
752,4020,0.7
255,3575,0.7
29,2701,0.8
989,2726,0.3
916,2647,0.3
969,1756,0.8
517,836,0.2
67,9,0.4
985,2442,0.3
214,708,0.2
318,2830,0.7
855,2268,0.3
494,4192,0.7
693,1084,0.7
626,1390,0.1
260,2572,0.2
733,1431,0.4
839,4664,0.7
917,3031,0.3
620,2917,0.9
202,4799,0.7
67,2861,0.8
232,1755,0.9
425,1458,0.4
441,2608,0.6
982,4351,0.5
461,2133,0.4
124,4253,0.6
815,1223,0.0
223,2291,0.5
660,2664,0.4
891,2043,0.0
81,271,0.3
433,4051,0.2
71,2951,0.6
377,1551,0.8
174,2441,0.9
419,4872,0.5
996,461,0.6
822,2397,0.4
43,4741,0.8
735,750,0.1
459,2688,0.1
883,4510,0.0
182,3262,0.4
613,3130,0.7
287,2959,0.4
110,1723,0.3
16,2511,0.8
198,1150,0.1
458,356,0.8
259,1768,0.1
441,3830,0.6
332,3572,0.8
777,11,0.1
150,2237,0.5
353,1829,0.5
93,1126,0.1
151,4448,0.7
457,1273,0.6
80,3361,0.8
978,1028,0.9
865,4621,0.5
756,832,0.0
117,244,0.1
41,3778,0.2
388,911,0.1
303,4204,0.1
564,4671,0.7
425,3017,0.9
332,4489,0.1
384,3263,0.5
109,110,0.0
575,2263,0.8
248,3268,0.6
639,4455,0.6
983,2724,0.4
969,3988,0.5
597,987,0.9
648,1928,0.9
134,389,0.4
829,196,0.0
855,4951,0.8
156,4166,0.9
617,3510,0.9
643,4202,0.5
143,3627,0.3
704,3633,0.5
137,107,0.7
328,925,0.6
578,480,0.4
497,2910,0.1
598,2922,0.8
157,232,0.1
794,4910,0.7
592,96,0.1
549,3878,0.8
608,1769,0.1
240,2688,0.6
743,4478,0.2
154,4263,0.6
140,957,0.8
347,4701,0.1
828,728,0.3
759,3323,0.7
765,947,0.8
857,3931,0.6
433,2103,0.3
167,1843,0.2
21,2913,0.8
289,1417,0.0
304,1044,0.9
894,94,0.7
339,2115,0.3
975,3413,0.9
479,3676,0.1
104,263,0.4
266,3455,0.8
140,1779,0.4
786,2307,0.8
589,2761,0.8
689,2059,0.7
516,35,0.9
243,2368,0.5
608,4477,0.5
750,3356,0.7
512,3497,0.8
530,1037,0.3
633,2614,0.9
354,1918,0.0
915,1167,0.0
196,3191,0.3
377,1756,0.2
583,1843,0.0
180,4533,0.1
677,2010,0.5
301,4670,0.1
284,3560,0.2
468,2885,0.5
363,3941,0.5
370,4557,0.1
159,960,0.5
491,525,0.2
652,941,0.1
410,882,0.6
119,4986,0.4
840,1113,0.7
128,2834,0.0
479,2261,0.9
221,4017,0.5
841,1438,0.0
265,3950,0.3
24,4601,0.0
393,2520,0.9
284,2832,0.6
933,1987,0.4
855,991,0.2
576,2664,0.5
37,4037,0.2
557,2015,0.0
590,4626,0.5
269,1359,0.8
971,3225,0.2
232,1355,0.1
671,1014,0.6
986,2074,0.6
804,1412,0.6
764,3828,0.3
420,1842,0.0
125,1947,0.4
764,2828,0.0
103,2251,0.2
362,1925,0.1
730,2787,0.0
6,1291,0.5
688,4713,0.7
273,1696,0.6
948,3793,0.4
759,723,0.9
329,3813,0.1
437,863,0.2
90,3325,0.1
899,3635,0.7
893,4701,0.4
403,1619,0.8
357,4216,0.9
793,1233,0.3
489,2666,0.8
27,3384,0.0
266,1547,0.3
352,430,0.1
319,2619,0.5
601,873,0.2
766,3978,0.8
430,4849,0.8
283,1096,0.9
423,415,0.5
653,3662,0.4
232,2283,0.5
218,4387,0.9
395,1460,0.4
50,2893,0.5
92,312,0.9
760,2220,0.9
995,623,0.4
75,2222,0.0
896,2292,0.1
110,2733,0.4
152,265,0.6
924,3148,0.0
668,3808,0.4
866,4893,0.4
41,4374,0.3
961,3680,0.9
715,4562,0.2
97,1851,0.0
103,538,0.7
372,4980,0.7
709,2109,0.0
433,3841,0.8
732,4321,0.0
277,2638,0.5
137,215,0.3
434,1646,0.4
468,220,0.9
123,167,0.1
492,125,0.5
735,4090,0.7
581,1537,0.0
979,4261,0.9
73,568,0.1
325,4568,0.2
473,1211,0.7
27,3684,0.5
174,329,0.6
903,129,0.4
519,3377,0.7
256,3130,0.5
370,4973,0.6
27,804,0.8
824,2687,0.9
984,2731,0.8
136,141,0.1
493,2980,0.8
596,4926,0.2
844,4690,0.1
279,4310,0.4
618,886,0.8
706,804,0.7
456,3909,0.9
609,3552,0.3
919,2087,0.2
311,1589,0.0
420,2213,0.8
478,2006,0.4
872,1976,0.8
252,3403,0.8
401,3759,0.8
322,3279,0.6
79,1906,0.5
220,3884,0.8
169,1880,0.5
159,327,0.6
630,16,0.4
658,1587,0.6
694,937,0.6
104,2871,0.9
17,1767,0.6
991,491,0.0
419,3048,0.2
98,2622,0.9
493,739,0.6
691,439,0.9
726,4473,0.3
3,1402,0.7
949,1640,0.6
657,1763,0.3
864,2907,0.4
732,2365,0.2
290,4452,0.2
262,2744,0.6
79,949,0.6
309,2686,0.3
999,4478,0.1
990,4322,0.9
608,1532,0.8
776,3269,0.7
778,3757,0.9
222,3799,0.7
609,675,0.5
711,2716,0.6
360,176,0.8
959,2622,0.4
662,3823,0.6
497,2962,0.9
755,2058,0.5
450,1462,0.9
53,2362,0.7
883,4209,0.5
850,2886,0.8
358,1046,0.3
253,3404,0.9
961,1179,0.0
268,2865,0.6
435,4750,0.8
620,1213,0.9
136,1812,0.7
412,4036,0.6
425,733,0.6
562,3029,0.0
635,4682,0.9
901,4126,0.4
142,3670,0.8
410,2473,0.3
589,318,0.8
329,356,0.1
967,2329,0.6
939,73,0.6
899,2034,0.4
603,1736,0.6
784,187,0.1
628,4985,0.1
827,4061,0.7
272,698,0.2
481,4034,0.1
18,4920,0.2
816,2772,0.4
404,972,0.4
150,205,0.7
181,3421,0.7
702,2649,0.6
300,27,0.3
952,1452,0.1
608,3891,0.1
272,2759,0.8
797,201,0.8
143,1811,0.1
437,523,0.8
825,2535,0.6
695,3085,0.2
599,2943,0.6
896,2656,0.9
176,4258,0.5
803,2061,0.3
481,4854,0.3
618,3974,0.5
533,319,0.5
286,2492,0.0
230,3607,0.3
914,244,0.7
668,624,0.8
148,3981,0.5
108,1507,0.3
47,3807,0.8
165,2963,0.1
605,3032,0.9
837,1608,0.0
371,4533,0.7
676,3096,0.0
620,3936,0.2
382,389,0.0
46,4447,0.3
87,1875,0.9
904,1758,0.1
71,1487,0.4
889,1726,0.1
107,3329,0.1
316,1664,0.7
151,2092,0.2
924,2516,0.8
609,3428,0.0
593,2077,0.7
227,3441,0.7
194,4711,0.9
153,2431,0.4
530,4552,0.7
473,2996,0.9
546,1631,0.2
756,4765,0.0
923,1919,0.6
357,2246,0.2
685,2903,0.5
73,1411,0.5
499,2597,0.4
765,4880,0.4
904,4461,0.8
765,3753,0.4
925,3795,0.2
627,2860,0.8
611,1697,0.2
493,2950,0.5
328,2840,0.9
527,3026,0.5
207,702,0.7
34,1105,0.1
5,4944,0.5
606,1174,0.3
636,2803,0.7
95,3818,0.5
200,3012,0.1
121,4077,0.3
752,2102,0.4
60,3354,0.5
955,997,0.9
443,4536,0.5
835,2992,0.4
700,1251,0.3
594,250,0.3
864,3772,0.8
777,618,0.3
628,3828,0.0
742,573,0.2
768,4546,0.1
336,323,0.1
750,355,0.8
832,135,0.7
551,1376,0.3
810,1577,0.9
475,2277,0.8
871,1680,0.0
111,4613,0.7
717,2729,0.2
159,3260,0.9
902,3442,0.5
450,2414,0.1
144,3793,0.7
287,40,0.8
202,76,0.0
124,461,0.2
141,911,0.4
34,679,0.9
136,4856,0.0
561,1557,0.7
703,2796,0.4
476,1393,0.5
117,2217,0.2
509,1288,0.5
452,362,0.0
163,2858,0.5
683,1054,0.2
828,4042,0.0
806,4770,0.9
216,4019,0.0
810,1364,0.9
110,4194,0.4
715,4219,0.3
207,4309,0.3
702,3906,0.5
207,1117,0.5
653,715,0.3
424,3245,0.0
877,627,0.7
227,284,0.6
828,3262,0.7
205,2698,0.1
486,2666,0.1
524,4704,0.8
441,2487,0.5
656,1118,0.0
714,3193,0.9
881,775,0.5
83,1619,0.0
650,857,0.3
327,1942,0.4
630,1251,0.4
631,939,0.1
918,729,0.2
149,2128,0.0
779,3394,0.5
990,854,0.8
863,1857,0.8
625,189,0.2
892,4885,0.1
783,1310,0.8
525,1213,0.8
563,2211,0.9
81,3982,0.9
71,4274,0.3
868,3729,0.2
760,4384,0.8
274,3882,0.0
180,3217,0.0
300,2405,0.8
278,3699,0.0
961,1440,0.0
251,1851,0.0
280,69,0.0
459,2829,0.6
860,2606,0.4
691,656,0.2
463,4866,0.6
804,2889,0.9
702,4280,0.1
298,4577,0.8
871,2750,0.3
140,2987,0.1
648,2697,0.1
301,470,0.3
20,2161,0.2
728,4153,0.9
952,1045,0.0
